step,hub_path,hub_title,birth_step,parent_hubs,member_count
0,academic/wiki/hubs/PEPS 与 iPEPS 更新方法,PEPS 与 iPEPS 更新方法,12,,0
1,academic/wiki/hubs/PEPS 与 iPEPS 更新方法,PEPS 与 iPEPS 更新方法,12,,0
2,academic/wiki/hubs/PEPS 与 iPEPS 更新方法,PEPS 与 iPEPS 更新方法,12,,0
3,academic/wiki/hubs/PEPS 与 iPEPS 更新方法,PEPS 与 iPEPS 更新方法,12,,0
4,academic/wiki/hubs/PEPS 与 iPEPS 更新方法,PEPS 与 iPEPS 更新方法,12,,0
5,academic/wiki/hubs/PEPS 与 iPEPS 更新方法,PEPS 与 iPEPS 更新方法,12,,0
6,academic/wiki/hubs/PEPS 与 iPEPS 更新方法,PEPS 与 iPEPS 更新方法,12,,0
7,academic/wiki/hubs/PEPS 与 iPEPS 更新方法,PEPS 与 iPEPS 更新方法,12,,0
8,academic/wiki/hubs/PEPS 与 iPEPS 更新方法,PEPS 与 iPEPS 更新方法,12,,0
9,academic/wiki/hubs/PEPS 与 iPEPS 更新方法,PEPS 与 iPEPS 更新方法,12,,0
10,academic/wiki/hubs/PEPS 与 iPEPS 更新方法,PEPS 与 iPEPS 更新方法,12,,0
11,academic/wiki/hubs/PEPS 与 iPEPS 更新方法,PEPS 与 iPEPS 更新方法,12,,0
12,academic/wiki/hubs/PEPS 与 iPEPS 更新方法,PEPS 与 iPEPS 更新方法,12,,5
13,academic/wiki/hubs/PEPS 与 iPEPS 更新方法,PEPS 与 iPEPS 更新方法,12,,6
14,academic/wiki/hubs/PEPS 与 iPEPS 更新方法,PEPS 与 iPEPS 更新方法,12,,7
15,academic/wiki/hubs/PEPS 与 iPEPS 更新方法,PEPS 与 iPEPS 更新方法,12,,7
16,academic/wiki/hubs/PEPS 与 iPEPS 更新方法,PEPS 与 iPEPS 更新方法,12,,10
17,academic/wiki/hubs/PEPS 与 iPEPS 更新方法,PEPS 与 iPEPS 更新方法,12,,10
18,academic/wiki/hubs/PEPS 与 iPEPS 更新方法,PEPS 与 iPEPS 更新方法,12,,10
19,academic/wiki/hubs/PEPS 与 iPEPS 更新方法,PEPS 与 iPEPS 更新方法,12,,11
20,academic/wiki/hubs/PEPS 与 iPEPS 更新方法,PEPS 与 iPEPS 更新方法,12,,12
21,academic/wiki/hubs/PEPS 与 iPEPS 更新方法,PEPS 与 iPEPS 更新方法,12,,12
22,academic/wiki/hubs/PEPS 与 iPEPS 更新方法,PEPS 与 iPEPS 更新方法,12,,12
23,academic/wiki/hubs/PEPS 与 iPEPS 更新方法,PEPS 与 iPEPS 更新方法,12,,12
24,academic/wiki/hubs/PEPS 与 iPEPS 更新方法,PEPS 与 iPEPS 更新方法,12,,12
25,academic/wiki/hubs/PEPS 与 iPEPS 更新方法,PEPS 与 iPEPS 更新方法,12,,12
26,academic/wiki/hubs/PEPS 与 iPEPS 更新方法,PEPS 与 iPEPS 更新方法,12,,12
27,academic/wiki/hubs/PEPS 与 iPEPS 更新方法,PEPS 与 iPEPS 更新方法,12,,12
28,academic/wiki/hubs/PEPS 与 iPEPS 更新方法,PEPS 与 iPEPS 更新方法,12,,12
29,academic/wiki/hubs/PEPS 与 iPEPS 更新方法,PEPS 与 iPEPS 更新方法,12,,12
30,academic/wiki/hubs/PEPS 与 iPEPS 更新方法,PEPS 与 iPEPS 更新方法,12,,12
31,academic/wiki/hubs/PEPS 与 iPEPS 更新方法,PEPS 与 iPEPS 更新方法,12,,12
32,academic/wiki/hubs/PEPS 与 iPEPS 更新方法,PEPS 与 iPEPS 更新方法,12,,12
33,academic/wiki/hubs/PEPS 与 iPEPS 更新方法,PEPS 与 iPEPS 更新方法,12,,12
34,academic/wiki/hubs/PEPS 与 iPEPS 更新方法,PEPS 与 iPEPS 更新方法,12,,12
35,academic/wiki/hubs/PEPS 与 iPEPS 更新方法,PEPS 与 iPEPS 更新方法,12,,12
36,academic/wiki/hubs/PEPS 与 iPEPS 更新方法,PEPS 与 iPEPS 更新方法,12,,12
37,academic/wiki/hubs/PEPS 与 iPEPS 更新方法,PEPS 与 iPEPS 更新方法,12,,12
38,academic/wiki/hubs/PEPS 与 iPEPS 更新方法,PEPS 与 iPEPS 更新方法,12,,12
39,academic/wiki/hubs/PEPS 与 iPEPS 更新方法,PEPS 与 iPEPS 更新方法,12,,12
40,academic/wiki/hubs/PEPS 与 iPEPS 更新方法,PEPS 与 iPEPS 更新方法,12,,15
41,academic/wiki/hubs/PEPS 与 iPEPS 更新方法,PEPS 与 iPEPS 更新方法,12,,16
42,academic/wiki/hubs/PEPS 与 iPEPS 更新方法,PEPS 与 iPEPS 更新方法,12,,16
43,academic/wiki/hubs/PEPS 与 iPEPS 更新方法,PEPS 与 iPEPS 更新方法,12,,18
44,academic/wiki/hubs/PEPS 与 iPEPS 更新方法,PEPS 与 iPEPS 更新方法,12,,18
45,academic/wiki/hubs/PEPS 与 iPEPS 更新方法,PEPS 与 iPEPS 更新方法,12,,18
46,academic/wiki/hubs/PEPS 与 iPEPS 更新方法,PEPS 与 iPEPS 更新方法,12,,19
47,academic/wiki/hubs/PEPS 与 iPEPS 更新方法,PEPS 与 iPEPS 更新方法,12,,19
48,academic/wiki/hubs/PEPS 与 iPEPS 更新方法,PEPS 与 iPEPS 更新方法,12,,19
49,academic/wiki/hubs/PEPS 与 iPEPS 更新方法,PEPS 与 iPEPS 更新方法,12,,19
50,academic/wiki/hubs/PEPS 与 iPEPS 更新方法,PEPS 与 iPEPS 更新方法,12,,21
51,academic/wiki/hubs/PEPS 与 iPEPS 更新方法,PEPS 与 iPEPS 更新方法,12,,20
52,academic/wiki/hubs/PEPS 与 iPEPS 更新方法,PEPS 与 iPEPS 更新方法,12,,20
53,academic/wiki/hubs/PEPS 与 iPEPS 更新方法,PEPS 与 iPEPS 更新方法,12,,21
54,academic/wiki/hubs/PEPS 与 iPEPS 更新方法,PEPS 与 iPEPS 更新方法,12,,21
55,academic/wiki/hubs/PEPS 与 iPEPS 更新方法,PEPS 与 iPEPS 更新方法,12,,21
56,academic/wiki/hubs/PEPS 与 iPEPS 更新方法,PEPS 与 iPEPS 更新方法,12,,26
0,academic/wiki/hubs/纠缠熵与纠缠谱诊断,纠缠熵与纠缠谱诊断,14,,0
1,academic/wiki/hubs/纠缠熵与纠缠谱诊断,纠缠熵与纠缠谱诊断,14,,0
2,academic/wiki/hubs/纠缠熵与纠缠谱诊断,纠缠熵与纠缠谱诊断,14,,0
3,academic/wiki/hubs/纠缠熵与纠缠谱诊断,纠缠熵与纠缠谱诊断,14,,0
4,academic/wiki/hubs/纠缠熵与纠缠谱诊断,纠缠熵与纠缠谱诊断,14,,0
5,academic/wiki/hubs/纠缠熵与纠缠谱诊断,纠缠熵与纠缠谱诊断,14,,0
6,academic/wiki/hubs/纠缠熵与纠缠谱诊断,纠缠熵与纠缠谱诊断,14,,0
7,academic/wiki/hubs/纠缠熵与纠缠谱诊断,纠缠熵与纠缠谱诊断,14,,0
8,academic/wiki/hubs/纠缠熵与纠缠谱诊断,纠缠熵与纠缠谱诊断,14,,0
9,academic/wiki/hubs/纠缠熵与纠缠谱诊断,纠缠熵与纠缠谱诊断,14,,0
10,academic/wiki/hubs/纠缠熵与纠缠谱诊断,纠缠熵与纠缠谱诊断,14,,0
11,academic/wiki/hubs/纠缠熵与纠缠谱诊断,纠缠熵与纠缠谱诊断,14,,0
12,academic/wiki/hubs/纠缠熵与纠缠谱诊断,纠缠熵与纠缠谱诊断,14,,0
13,academic/wiki/hubs/纠缠熵与纠缠谱诊断,纠缠熵与纠缠谱诊断,14,,0
14,academic/wiki/hubs/纠缠熵与纠缠谱诊断,纠缠熵与纠缠谱诊断,14,,2
15,academic/wiki/hubs/纠缠熵与纠缠谱诊断,纠缠熵与纠缠谱诊断,14,,5
16,academic/wiki/hubs/纠缠熵与纠缠谱诊断,纠缠熵与纠缠谱诊断,14,,6
17,academic/wiki/hubs/纠缠熵与纠缠谱诊断,纠缠熵与纠缠谱诊断,14,,7
18,academic/wiki/hubs/纠缠熵与纠缠谱诊断,纠缠熵与纠缠谱诊断,14,,7
19,academic/wiki/hubs/纠缠熵与纠缠谱诊断,纠缠熵与纠缠谱诊断,14,,7
20,academic/wiki/hubs/纠缠熵与纠缠谱诊断,纠缠熵与纠缠谱诊断,14,,7
21,academic/wiki/hubs/纠缠熵与纠缠谱诊断,纠缠熵与纠缠谱诊断,14,,7
22,academic/wiki/hubs/纠缠熵与纠缠谱诊断,纠缠熵与纠缠谱诊断,14,,7
23,academic/wiki/hubs/纠缠熵与纠缠谱诊断,纠缠熵与纠缠谱诊断,14,,7
24,academic/wiki/hubs/纠缠熵与纠缠谱诊断,纠缠熵与纠缠谱诊断,14,,7
25,academic/wiki/hubs/纠缠熵与纠缠谱诊断,纠缠熵与纠缠谱诊断,14,,7
26,academic/wiki/hubs/纠缠熵与纠缠谱诊断,纠缠熵与纠缠谱诊断,14,,7
27,academic/wiki/hubs/纠缠熵与纠缠谱诊断,纠缠熵与纠缠谱诊断,14,,7
28,academic/wiki/hubs/纠缠熵与纠缠谱诊断,纠缠熵与纠缠谱诊断,14,,7
29,academic/wiki/hubs/纠缠熵与纠缠谱诊断,纠缠熵与纠缠谱诊断,14,,7
30,academic/wiki/hubs/纠缠熵与纠缠谱诊断,纠缠熵与纠缠谱诊断,14,,7
31,academic/wiki/hubs/纠缠熵与纠缠谱诊断,纠缠熵与纠缠谱诊断,14,,7
32,academic/wiki/hubs/纠缠熵与纠缠谱诊断,纠缠熵与纠缠谱诊断,14,,7
33,academic/wiki/hubs/纠缠熵与纠缠谱诊断,纠缠熵与纠缠谱诊断,14,,7
34,academic/wiki/hubs/纠缠熵与纠缠谱诊断,纠缠熵与纠缠谱诊断,14,,7
35,academic/wiki/hubs/纠缠熵与纠缠谱诊断,纠缠熵与纠缠谱诊断,14,,7
36,academic/wiki/hubs/纠缠熵与纠缠谱诊断,纠缠熵与纠缠谱诊断,14,,7
37,academic/wiki/hubs/纠缠熵与纠缠谱诊断,纠缠熵与纠缠谱诊断,14,,7
38,academic/wiki/hubs/纠缠熵与纠缠谱诊断,纠缠熵与纠缠谱诊断,14,,8
39,academic/wiki/hubs/纠缠熵与纠缠谱诊断,纠缠熵与纠缠谱诊断,14,,8
40,academic/wiki/hubs/纠缠熵与纠缠谱诊断,纠缠熵与纠缠谱诊断,14,,8
41,academic/wiki/hubs/纠缠熵与纠缠谱诊断,纠缠熵与纠缠谱诊断,14,,8
42,academic/wiki/hubs/纠缠熵与纠缠谱诊断,纠缠熵与纠缠谱诊断,14,,8
43,academic/wiki/hubs/纠缠熵与纠缠谱诊断,纠缠熵与纠缠谱诊断,14,,8
44,academic/wiki/hubs/纠缠熵与纠缠谱诊断,纠缠熵与纠缠谱诊断,14,,8
45,academic/wiki/hubs/纠缠熵与纠缠谱诊断,纠缠熵与纠缠谱诊断,14,,8
46,academic/wiki/hubs/纠缠熵与纠缠谱诊断,纠缠熵与纠缠谱诊断,14,,8
47,academic/wiki/hubs/纠缠熵与纠缠谱诊断,纠缠熵与纠缠谱诊断,14,,8
48,academic/wiki/hubs/纠缠熵与纠缠谱诊断,纠缠熵与纠缠谱诊断,14,,9
49,academic/wiki/hubs/纠缠熵与纠缠谱诊断,纠缠熵与纠缠谱诊断,14,,9
50,academic/wiki/hubs/纠缠熵与纠缠谱诊断,纠缠熵与纠缠谱诊断,14,,9
51,academic/wiki/hubs/纠缠熵与纠缠谱诊断,纠缠熵与纠缠谱诊断,14,,9
52,academic/wiki/hubs/纠缠熵与纠缠谱诊断,纠缠熵与纠缠谱诊断,14,,9
53,academic/wiki/hubs/纠缠熵与纠缠谱诊断,纠缠熵与纠缠谱诊断,14,,9
54,academic/wiki/hubs/纠缠熵与纠缠谱诊断,纠缠熵与纠缠谱诊断,14,,9
55,academic/wiki/hubs/纠缠熵与纠缠谱诊断,纠缠熵与纠缠谱诊断,14,,10
56,academic/wiki/hubs/纠缠熵与纠缠谱诊断,纠缠熵与纠缠谱诊断,14,,10
0,academic/wiki/hubs/Heisenberg 反铁磁模型,Heisenberg 反铁磁模型,20,,0
1,academic/wiki/hubs/Heisenberg 反铁磁模型,Heisenberg 反铁磁模型,20,,0
2,academic/wiki/hubs/Heisenberg 反铁磁模型,Heisenberg 反铁磁模型,20,,0
3,academic/wiki/hubs/Heisenberg 反铁磁模型,Heisenberg 反铁磁模型,20,,0
4,academic/wiki/hubs/Heisenberg 反铁磁模型,Heisenberg 反铁磁模型,20,,0
5,academic/wiki/hubs/Heisenberg 反铁磁模型,Heisenberg 反铁磁模型,20,,0
6,academic/wiki/hubs/Heisenberg 反铁磁模型,Heisenberg 反铁磁模型,20,,0
7,academic/wiki/hubs/Heisenberg 反铁磁模型,Heisenberg 反铁磁模型,20,,0
8,academic/wiki/hubs/Heisenberg 反铁磁模型,Heisenberg 反铁磁模型,20,,0
9,academic/wiki/hubs/Heisenberg 反铁磁模型,Heisenberg 反铁磁模型,20,,0
10,academic/wiki/hubs/Heisenberg 反铁磁模型,Heisenberg 反铁磁模型,20,,0
11,academic/wiki/hubs/Heisenberg 反铁磁模型,Heisenberg 反铁磁模型,20,,0
12,academic/wiki/hubs/Heisenberg 反铁磁模型,Heisenberg 反铁磁模型,20,,0
13,academic/wiki/hubs/Heisenberg 反铁磁模型,Heisenberg 反铁磁模型,20,,0
14,academic/wiki/hubs/Heisenberg 反铁磁模型,Heisenberg 反铁磁模型,20,,0
15,academic/wiki/hubs/Heisenberg 反铁磁模型,Heisenberg 反铁磁模型,20,,0
16,academic/wiki/hubs/Heisenberg 反铁磁模型,Heisenberg 反铁磁模型,20,,0
17,academic/wiki/hubs/Heisenberg 反铁磁模型,Heisenberg 反铁磁模型,20,,0
18,academic/wiki/hubs/Heisenberg 反铁磁模型,Heisenberg 反铁磁模型,20,,0
19,academic/wiki/hubs/Heisenberg 反铁磁模型,Heisenberg 反铁磁模型,20,,0
20,academic/wiki/hubs/Heisenberg 反铁磁模型,Heisenberg 反铁磁模型,20,,2
21,academic/wiki/hubs/Heisenberg 反铁磁模型,Heisenberg 反铁磁模型,20,,2
22,academic/wiki/hubs/Heisenberg 反铁磁模型,Heisenberg 反铁磁模型,20,,2
23,academic/wiki/hubs/Heisenberg 反铁磁模型,Heisenberg 反铁磁模型,20,,2
24,academic/wiki/hubs/Heisenberg 反铁磁模型,Heisenberg 反铁磁模型,20,,2
25,academic/wiki/hubs/Heisenberg 反铁磁模型,Heisenberg 反铁磁模型,20,,2
26,academic/wiki/hubs/Heisenberg 反铁磁模型,Heisenberg 反铁磁模型,20,,2
27,academic/wiki/hubs/Heisenberg 反铁磁模型,Heisenberg 反铁磁模型,20,,2
28,academic/wiki/hubs/Heisenberg 反铁磁模型,Heisenberg 反铁磁模型,20,,2
29,academic/wiki/hubs/Heisenberg 反铁磁模型,Heisenberg 反铁磁模型,20,,2
30,academic/wiki/hubs/Heisenberg 反铁磁模型,Heisenberg 反铁磁模型,20,,2
31,academic/wiki/hubs/Heisenberg 反铁磁模型,Heisenberg 反铁磁模型,20,,2
32,academic/wiki/hubs/Heisenberg 反铁磁模型,Heisenberg 反铁磁模型,20,,2
33,academic/wiki/hubs/Heisenberg 反铁磁模型,Heisenberg 反铁磁模型,20,,2
34,academic/wiki/hubs/Heisenberg 反铁磁模型,Heisenberg 反铁磁模型,20,,2
35,academic/wiki/hubs/Heisenberg 反铁磁模型,Heisenberg 反铁磁模型,20,,2
36,academic/wiki/hubs/Heisenberg 反铁磁模型,Heisenberg 反铁磁模型,20,,2
37,academic/wiki/hubs/Heisenberg 反铁磁模型,Heisenberg 反铁磁模型,20,,2
38,academic/wiki/hubs/Heisenberg 反铁磁模型,Heisenberg 反铁磁模型,20,,2
39,academic/wiki/hubs/Heisenberg 反铁磁模型,Heisenberg 反铁磁模型,20,,2
40,academic/wiki/hubs/Heisenberg 反铁磁模型,Heisenberg 反铁磁模型,20,,2
41,academic/wiki/hubs/Heisenberg 反铁磁模型,Heisenberg 反铁磁模型,20,,2
42,academic/wiki/hubs/Heisenberg 反铁磁模型,Heisenberg 反铁磁模型,20,,2
43,academic/wiki/hubs/Heisenberg 反铁磁模型,Heisenberg 反铁磁模型,20,,2
44,academic/wiki/hubs/Heisenberg 反铁磁模型,Heisenberg 反铁磁模型,20,,2
45,academic/wiki/hubs/Heisenberg 反铁磁模型,Heisenberg 反铁磁模型,20,,2
46,academic/wiki/hubs/Heisenberg 反铁磁模型,Heisenberg 反铁磁模型,20,,2
47,academic/wiki/hubs/Heisenberg 反铁磁模型,Heisenberg 反铁磁模型,20,,2
48,academic/wiki/hubs/Heisenberg 反铁磁模型,Heisenberg 反铁磁模型,20,,2
49,academic/wiki/hubs/Heisenberg 反铁磁模型,Heisenberg 反铁磁模型,20,,2
50,academic/wiki/hubs/Heisenberg 反铁磁模型,Heisenberg 反铁磁模型,20,,2
51,academic/wiki/hubs/Heisenberg 反铁磁模型,Heisenberg 反铁磁模型,20,,2
52,academic/wiki/hubs/Heisenberg 反铁磁模型,Heisenberg 反铁磁模型,20,,2
53,academic/wiki/hubs/Heisenberg 反铁磁模型,Heisenberg 反铁磁模型,20,,2
54,academic/wiki/hubs/Heisenberg 反铁磁模型,Heisenberg 反铁磁模型,20,,2
55,academic/wiki/hubs/Heisenberg 反铁磁模型,Heisenberg 反铁磁模型,20,,2
56,academic/wiki/hubs/Heisenberg 反铁磁模型,Heisenberg 反铁磁模型,20,,2
0,academic/wiki/hubs/二维量子多体系统与临界性,二维量子多体系统与临界性,20,,0
1,academic/wiki/hubs/二维量子多体系统与临界性,二维量子多体系统与临界性,20,,0
2,academic/wiki/hubs/二维量子多体系统与临界性,二维量子多体系统与临界性,20,,0
3,academic/wiki/hubs/二维量子多体系统与临界性,二维量子多体系统与临界性,20,,0
4,academic/wiki/hubs/二维量子多体系统与临界性,二维量子多体系统与临界性,20,,0
5,academic/wiki/hubs/二维量子多体系统与临界性,二维量子多体系统与临界性,20,,0
6,academic/wiki/hubs/二维量子多体系统与临界性,二维量子多体系统与临界性,20,,0
7,academic/wiki/hubs/二维量子多体系统与临界性,二维量子多体系统与临界性,20,,0
8,academic/wiki/hubs/二维量子多体系统与临界性,二维量子多体系统与临界性,20,,0
9,academic/wiki/hubs/二维量子多体系统与临界性,二维量子多体系统与临界性,20,,0
10,academic/wiki/hubs/二维量子多体系统与临界性,二维量子多体系统与临界性,20,,0
11,academic/wiki/hubs/二维量子多体系统与临界性,二维量子多体系统与临界性,20,,0
12,academic/wiki/hubs/二维量子多体系统与临界性,二维量子多体系统与临界性,20,,0
13,academic/wiki/hubs/二维量子多体系统与临界性,二维量子多体系统与临界性,20,,0
14,academic/wiki/hubs/二维量子多体系统与临界性,二维量子多体系统与临界性,20,,0
15,academic/wiki/hubs/二维量子多体系统与临界性,二维量子多体系统与临界性,20,,0
16,academic/wiki/hubs/二维量子多体系统与临界性,二维量子多体系统与临界性,20,,0
17,academic/wiki/hubs/二维量子多体系统与临界性,二维量子多体系统与临界性,20,,0
18,academic/wiki/hubs/二维量子多体系统与临界性,二维量子多体系统与临界性,20,,0
19,academic/wiki/hubs/二维量子多体系统与临界性,二维量子多体系统与临界性,20,,0
20,academic/wiki/hubs/二维量子多体系统与临界性,二维量子多体系统与临界性,20,,3
21,academic/wiki/hubs/二维量子多体系统与临界性,二维量子多体系统与临界性,20,,3
22,academic/wiki/hubs/二维量子多体系统与临界性,二维量子多体系统与临界性,20,,3
23,academic/wiki/hubs/二维量子多体系统与临界性,二维量子多体系统与临界性,20,,3
24,academic/wiki/hubs/二维量子多体系统与临界性,二维量子多体系统与临界性,20,,3
25,academic/wiki/hubs/二维量子多体系统与临界性,二维量子多体系统与临界性,20,,3
26,academic/wiki/hubs/二维量子多体系统与临界性,二维量子多体系统与临界性,20,,3
27,academic/wiki/hubs/二维量子多体系统与临界性,二维量子多体系统与临界性,20,,3
28,academic/wiki/hubs/二维量子多体系统与临界性,二维量子多体系统与临界性,20,,3
29,academic/wiki/hubs/二维量子多体系统与临界性,二维量子多体系统与临界性,20,,3
30,academic/wiki/hubs/二维量子多体系统与临界性,二维量子多体系统与临界性,20,,3
31,academic/wiki/hubs/二维量子多体系统与临界性,二维量子多体系统与临界性,20,,3
32,academic/wiki/hubs/二维量子多体系统与临界性,二维量子多体系统与临界性,20,,3
33,academic/wiki/hubs/二维量子多体系统与临界性,二维量子多体系统与临界性,20,,3
34,academic/wiki/hubs/二维量子多体系统与临界性,二维量子多体系统与临界性,20,,3
35,academic/wiki/hubs/二维量子多体系统与临界性,二维量子多体系统与临界性,20,,3
36,academic/wiki/hubs/二维量子多体系统与临界性,二维量子多体系统与临界性,20,,3
37,academic/wiki/hubs/二维量子多体系统与临界性,二维量子多体系统与临界性,20,,3
38,academic/wiki/hubs/二维量子多体系统与临界性,二维量子多体系统与临界性,20,,3
39,academic/wiki/hubs/二维量子多体系统与临界性,二维量子多体系统与临界性,20,,3
40,academic/wiki/hubs/二维量子多体系统与临界性,二维量子多体系统与临界性,20,,3
41,academic/wiki/hubs/二维量子多体系统与临界性,二维量子多体系统与临界性,20,,3
42,academic/wiki/hubs/二维量子多体系统与临界性,二维量子多体系统与临界性,20,,3
43,academic/wiki/hubs/二维量子多体系统与临界性,二维量子多体系统与临界性,20,,3
44,academic/wiki/hubs/二维量子多体系统与临界性,二维量子多体系统与临界性,20,,3
45,academic/wiki/hubs/二维量子多体系统与临界性,二维量子多体系统与临界性,20,,3
46,academic/wiki/hubs/二维量子多体系统与临界性,二维量子多体系统与临界性,20,,3
47,academic/wiki/hubs/二维量子多体系统与临界性,二维量子多体系统与临界性,20,,3
48,academic/wiki/hubs/二维量子多体系统与临界性,二维量子多体系统与临界性,20,,3
49,academic/wiki/hubs/二维量子多体系统与临界性,二维量子多体系统与临界性,20,,3
50,academic/wiki/hubs/二维量子多体系统与临界性,二维量子多体系统与临界性,20,,3
51,academic/wiki/hubs/二维量子多体系统与临界性,二维量子多体系统与临界性,20,,3
52,academic/wiki/hubs/二维量子多体系统与临界性,二维量子多体系统与临界性,20,,3
53,academic/wiki/hubs/二维量子多体系统与临界性,二维量子多体系统与临界性,20,,3
54,academic/wiki/hubs/二维量子多体系统与临界性,二维量子多体系统与临界性,20,,3
55,academic/wiki/hubs/二维量子多体系统与临界性,二维量子多体系统与临界性,20,,3
56,academic/wiki/hubs/二维量子多体系统与临界性,二维量子多体系统与临界性,20,,3
0,academic/wiki/hubs/拓扑纠缠熵与 Rényi 诊断,拓扑纠缠熵与 Rényi 诊断,22,academic/wiki/hubs/纠缠熵与纠缠谱诊断,0
1,academic/wiki/hubs/拓扑纠缠熵与 Rényi 诊断,拓扑纠缠熵与 Rényi 诊断,22,academic/wiki/hubs/纠缠熵与纠缠谱诊断,0
2,academic/wiki/hubs/拓扑纠缠熵与 Rényi 诊断,拓扑纠缠熵与 Rényi 诊断,22,academic/wiki/hubs/纠缠熵与纠缠谱诊断,0
3,academic/wiki/hubs/拓扑纠缠熵与 Rényi 诊断,拓扑纠缠熵与 Rényi 诊断,22,academic/wiki/hubs/纠缠熵与纠缠谱诊断,0
4,academic/wiki/hubs/拓扑纠缠熵与 Rényi 诊断,拓扑纠缠熵与 Rényi 诊断,22,academic/wiki/hubs/纠缠熵与纠缠谱诊断,0
5,academic/wiki/hubs/拓扑纠缠熵与 Rényi 诊断,拓扑纠缠熵与 Rényi 诊断,22,academic/wiki/hubs/纠缠熵与纠缠谱诊断,0
6,academic/wiki/hubs/拓扑纠缠熵与 Rényi 诊断,拓扑纠缠熵与 Rényi 诊断,22,academic/wiki/hubs/纠缠熵与纠缠谱诊断,0
7,academic/wiki/hubs/拓扑纠缠熵与 Rényi 诊断,拓扑纠缠熵与 Rényi 诊断,22,academic/wiki/hubs/纠缠熵与纠缠谱诊断,0
8,academic/wiki/hubs/拓扑纠缠熵与 Rényi 诊断,拓扑纠缠熵与 Rényi 诊断,22,academic/wiki/hubs/纠缠熵与纠缠谱诊断,0
9,academic/wiki/hubs/拓扑纠缠熵与 Rényi 诊断,拓扑纠缠熵与 Rényi 诊断,22,academic/wiki/hubs/纠缠熵与纠缠谱诊断,0
10,academic/wiki/hubs/拓扑纠缠熵与 Rényi 诊断,拓扑纠缠熵与 Rényi 诊断,22,academic/wiki/hubs/纠缠熵与纠缠谱诊断,0
11,academic/wiki/hubs/拓扑纠缠熵与 Rényi 诊断,拓扑纠缠熵与 Rényi 诊断,22,academic/wiki/hubs/纠缠熵与纠缠谱诊断,0
12,academic/wiki/hubs/拓扑纠缠熵与 Rényi 诊断,拓扑纠缠熵与 Rényi 诊断,22,academic/wiki/hubs/纠缠熵与纠缠谱诊断,0
13,academic/wiki/hubs/拓扑纠缠熵与 Rényi 诊断,拓扑纠缠熵与 Rényi 诊断,22,academic/wiki/hubs/纠缠熵与纠缠谱诊断,0
14,academic/wiki/hubs/拓扑纠缠熵与 Rényi 诊断,拓扑纠缠熵与 Rényi 诊断,22,academic/wiki/hubs/纠缠熵与纠缠谱诊断,0
15,academic/wiki/hubs/拓扑纠缠熵与 Rényi 诊断,拓扑纠缠熵与 Rényi 诊断,22,academic/wiki/hubs/纠缠熵与纠缠谱诊断,0
16,academic/wiki/hubs/拓扑纠缠熵与 Rényi 诊断,拓扑纠缠熵与 Rényi 诊断,22,academic/wiki/hubs/纠缠熵与纠缠谱诊断,0
17,academic/wiki/hubs/拓扑纠缠熵与 Rényi 诊断,拓扑纠缠熵与 Rényi 诊断,22,academic/wiki/hubs/纠缠熵与纠缠谱诊断,0
18,academic/wiki/hubs/拓扑纠缠熵与 Rényi 诊断,拓扑纠缠熵与 Rényi 诊断,22,academic/wiki/hubs/纠缠熵与纠缠谱诊断,0
19,academic/wiki/hubs/拓扑纠缠熵与 Rényi 诊断,拓扑纠缠熵与 Rényi 诊断,22,academic/wiki/hubs/纠缠熵与纠缠谱诊断,0
20,academic/wiki/hubs/拓扑纠缠熵与 Rényi 诊断,拓扑纠缠熵与 Rényi 诊断,22,academic/wiki/hubs/纠缠熵与纠缠谱诊断,0
21,academic/wiki/hubs/拓扑纠缠熵与 Rényi 诊断,拓扑纠缠熵与 Rényi 诊断,22,academic/wiki/hubs/纠缠熵与纠缠谱诊断,0
22,academic/wiki/hubs/拓扑纠缠熵与 Rényi 诊断,拓扑纠缠熵与 Rényi 诊断,22,academic/wiki/hubs/纠缠熵与纠缠谱诊断,2
23,academic/wiki/hubs/拓扑纠缠熵与 Rényi 诊断,拓扑纠缠熵与 Rényi 诊断,22,academic/wiki/hubs/纠缠熵与纠缠谱诊断,3
24,academic/wiki/hubs/拓扑纠缠熵与 Rényi 诊断,拓扑纠缠熵与 Rényi 诊断,22,academic/wiki/hubs/纠缠熵与纠缠谱诊断,3
25,academic/wiki/hubs/拓扑纠缠熵与 Rényi 诊断,拓扑纠缠熵与 Rényi 诊断,22,academic/wiki/hubs/纠缠熵与纠缠谱诊断,3
26,academic/wiki/hubs/拓扑纠缠熵与 Rényi 诊断,拓扑纠缠熵与 Rényi 诊断,22,academic/wiki/hubs/纠缠熵与纠缠谱诊断,3
27,academic/wiki/hubs/拓扑纠缠熵与 Rényi 诊断,拓扑纠缠熵与 Rényi 诊断,22,academic/wiki/hubs/纠缠熵与纠缠谱诊断,3
28,academic/wiki/hubs/拓扑纠缠熵与 Rényi 诊断,拓扑纠缠熵与 Rényi 诊断,22,academic/wiki/hubs/纠缠熵与纠缠谱诊断,3
29,academic/wiki/hubs/拓扑纠缠熵与 Rényi 诊断,拓扑纠缠熵与 Rényi 诊断,22,academic/wiki/hubs/纠缠熵与纠缠谱诊断,3
30,academic/wiki/hubs/拓扑纠缠熵与 Rényi 诊断,拓扑纠缠熵与 Rényi 诊断,22,academic/wiki/hubs/纠缠熵与纠缠谱诊断,3
31,academic/wiki/hubs/拓扑纠缠熵与 Rényi 诊断,拓扑纠缠熵与 Rényi 诊断,22,academic/wiki/hubs/纠缠熵与纠缠谱诊断,3
32,academic/wiki/hubs/拓扑纠缠熵与 Rényi 诊断,拓扑纠缠熵与 Rényi 诊断,22,academic/wiki/hubs/纠缠熵与纠缠谱诊断,3
33,academic/wiki/hubs/拓扑纠缠熵与 Rényi 诊断,拓扑纠缠熵与 Rényi 诊断,22,academic/wiki/hubs/纠缠熵与纠缠谱诊断,3
34,academic/wiki/hubs/拓扑纠缠熵与 Rényi 诊断,拓扑纠缠熵与 Rényi 诊断,22,academic/wiki/hubs/纠缠熵与纠缠谱诊断,3
35,academic/wiki/hubs/拓扑纠缠熵与 Rényi 诊断,拓扑纠缠熵与 Rényi 诊断,22,academic/wiki/hubs/纠缠熵与纠缠谱诊断,3
36,academic/wiki/hubs/拓扑纠缠熵与 Rényi 诊断,拓扑纠缠熵与 Rényi 诊断,22,academic/wiki/hubs/纠缠熵与纠缠谱诊断,3
37,academic/wiki/hubs/拓扑纠缠熵与 Rényi 诊断,拓扑纠缠熵与 Rényi 诊断,22,academic/wiki/hubs/纠缠熵与纠缠谱诊断,3
38,academic/wiki/hubs/拓扑纠缠熵与 Rényi 诊断,拓扑纠缠熵与 Rényi 诊断,22,academic/wiki/hubs/纠缠熵与纠缠谱诊断,5
39,academic/wiki/hubs/拓扑纠缠熵与 Rényi 诊断,拓扑纠缠熵与 Rényi 诊断,22,academic/wiki/hubs/纠缠熵与纠缠谱诊断,5
40,academic/wiki/hubs/拓扑纠缠熵与 Rényi 诊断,拓扑纠缠熵与 Rényi 诊断,22,academic/wiki/hubs/纠缠熵与纠缠谱诊断,5
41,academic/wiki/hubs/拓扑纠缠熵与 Rényi 诊断,拓扑纠缠熵与 Rényi 诊断,22,academic/wiki/hubs/纠缠熵与纠缠谱诊断,5
42,academic/wiki/hubs/拓扑纠缠熵与 Rényi 诊断,拓扑纠缠熵与 Rényi 诊断,22,academic/wiki/hubs/纠缠熵与纠缠谱诊断,5
43,academic/wiki/hubs/拓扑纠缠熵与 Rényi 诊断,拓扑纠缠熵与 Rényi 诊断,22,academic/wiki/hubs/纠缠熵与纠缠谱诊断,5
44,academic/wiki/hubs/拓扑纠缠熵与 Rényi 诊断,拓扑纠缠熵与 Rényi 诊断,22,academic/wiki/hubs/纠缠熵与纠缠谱诊断,5
45,academic/wiki/hubs/拓扑纠缠熵与 Rényi 诊断,拓扑纠缠熵与 Rényi 诊断,22,academic/wiki/hubs/纠缠熵与纠缠谱诊断,5
46,academic/wiki/hubs/拓扑纠缠熵与 Rényi 诊断,拓扑纠缠熵与 Rényi 诊断,22,academic/wiki/hubs/纠缠熵与纠缠谱诊断,5
47,academic/wiki/hubs/拓扑纠缠熵与 Rényi 诊断,拓扑纠缠熵与 Rényi 诊断,22,academic/wiki/hubs/纠缠熵与纠缠谱诊断,5
48,academic/wiki/hubs/拓扑纠缠熵与 Rényi 诊断,拓扑纠缠熵与 Rényi 诊断,22,academic/wiki/hubs/纠缠熵与纠缠谱诊断,5
49,academic/wiki/hubs/拓扑纠缠熵与 Rényi 诊断,拓扑纠缠熵与 Rényi 诊断,22,academic/wiki/hubs/纠缠熵与纠缠谱诊断,5
50,academic/wiki/hubs/拓扑纠缠熵与 Rényi 诊断,拓扑纠缠熵与 Rényi 诊断,22,academic/wiki/hubs/纠缠熵与纠缠谱诊断,5
51,academic/wiki/hubs/拓扑纠缠熵与 Rényi 诊断,拓扑纠缠熵与 Rényi 诊断,22,academic/wiki/hubs/纠缠熵与纠缠谱诊断,5
52,academic/wiki/hubs/拓扑纠缠熵与 Rényi 诊断,拓扑纠缠熵与 Rényi 诊断,22,academic/wiki/hubs/纠缠熵与纠缠谱诊断,5
53,academic/wiki/hubs/拓扑纠缠熵与 Rényi 诊断,拓扑纠缠熵与 Rényi 诊断,22,academic/wiki/hubs/纠缠熵与纠缠谱诊断,5
54,academic/wiki/hubs/拓扑纠缠熵与 Rényi 诊断,拓扑纠缠熵与 Rényi 诊断,22,academic/wiki/hubs/纠缠熵与纠缠谱诊断,5
55,academic/wiki/hubs/拓扑纠缠熵与 Rényi 诊断,拓扑纠缠熵与 Rényi 诊断,22,academic/wiki/hubs/纠缠熵与纠缠谱诊断,5
56,academic/wiki/hubs/拓扑纠缠熵与 Rényi 诊断,拓扑纠缠熵与 Rényi 诊断,22,academic/wiki/hubs/纠缠熵与纠缠谱诊断,5
0,academic/wiki/hubs/量子格点模型的晶格几何,量子格点模型的晶格几何,23,,0
1,academic/wiki/hubs/量子格点模型的晶格几何,量子格点模型的晶格几何,23,,0
2,academic/wiki/hubs/量子格点模型的晶格几何,量子格点模型的晶格几何,23,,0
3,academic/wiki/hubs/量子格点模型的晶格几何,量子格点模型的晶格几何,23,,0
4,academic/wiki/hubs/量子格点模型的晶格几何,量子格点模型的晶格几何,23,,0
5,academic/wiki/hubs/量子格点模型的晶格几何,量子格点模型的晶格几何,23,,0
6,academic/wiki/hubs/量子格点模型的晶格几何,量子格点模型的晶格几何,23,,0
7,academic/wiki/hubs/量子格点模型的晶格几何,量子格点模型的晶格几何,23,,0
8,academic/wiki/hubs/量子格点模型的晶格几何,量子格点模型的晶格几何,23,,0
9,academic/wiki/hubs/量子格点模型的晶格几何,量子格点模型的晶格几何,23,,0
10,academic/wiki/hubs/量子格点模型的晶格几何,量子格点模型的晶格几何,23,,0
11,academic/wiki/hubs/量子格点模型的晶格几何,量子格点模型的晶格几何,23,,0
12,academic/wiki/hubs/量子格点模型的晶格几何,量子格点模型的晶格几何,23,,0
13,academic/wiki/hubs/量子格点模型的晶格几何,量子格点模型的晶格几何,23,,0
14,academic/wiki/hubs/量子格点模型的晶格几何,量子格点模型的晶格几何,23,,0
15,academic/wiki/hubs/量子格点模型的晶格几何,量子格点模型的晶格几何,23,,0
16,academic/wiki/hubs/量子格点模型的晶格几何,量子格点模型的晶格几何,23,,0
17,academic/wiki/hubs/量子格点模型的晶格几何,量子格点模型的晶格几何,23,,0
18,academic/wiki/hubs/量子格点模型的晶格几何,量子格点模型的晶格几何,23,,0
19,academic/wiki/hubs/量子格点模型的晶格几何,量子格点模型的晶格几何,23,,0
20,academic/wiki/hubs/量子格点模型的晶格几何,量子格点模型的晶格几何,23,,0
21,academic/wiki/hubs/量子格点模型的晶格几何,量子格点模型的晶格几何,23,,0
22,academic/wiki/hubs/量子格点模型的晶格几何,量子格点模型的晶格几何,23,,0
23,academic/wiki/hubs/量子格点模型的晶格几何,量子格点模型的晶格几何,23,,4
24,academic/wiki/hubs/量子格点模型的晶格几何,量子格点模型的晶格几何,23,,4
25,academic/wiki/hubs/量子格点模型的晶格几何,量子格点模型的晶格几何,23,,4
26,academic/wiki/hubs/量子格点模型的晶格几何,量子格点模型的晶格几何,23,,4
27,academic/wiki/hubs/量子格点模型的晶格几何,量子格点模型的晶格几何,23,,4
28,academic/wiki/hubs/量子格点模型的晶格几何,量子格点模型的晶格几何,23,,4
29,academic/wiki/hubs/量子格点模型的晶格几何,量子格点模型的晶格几何,23,,4
30,academic/wiki/hubs/量子格点模型的晶格几何,量子格点模型的晶格几何,23,,4
31,academic/wiki/hubs/量子格点模型的晶格几何,量子格点模型的晶格几何,23,,4
32,academic/wiki/hubs/量子格点模型的晶格几何,量子格点模型的晶格几何,23,,4
33,academic/wiki/hubs/量子格点模型的晶格几何,量子格点模型的晶格几何,23,,4
34,academic/wiki/hubs/量子格点模型的晶格几何,量子格点模型的晶格几何,23,,4
35,academic/wiki/hubs/量子格点模型的晶格几何,量子格点模型的晶格几何,23,,4
36,academic/wiki/hubs/量子格点模型的晶格几何,量子格点模型的晶格几何,23,,4
37,academic/wiki/hubs/量子格点模型的晶格几何,量子格点模型的晶格几何,23,,4
38,academic/wiki/hubs/量子格点模型的晶格几何,量子格点模型的晶格几何,23,,4
39,academic/wiki/hubs/量子格点模型的晶格几何,量子格点模型的晶格几何,23,,4
40,academic/wiki/hubs/量子格点模型的晶格几何,量子格点模型的晶格几何,23,,4
41,academic/wiki/hubs/量子格点模型的晶格几何,量子格点模型的晶格几何,23,,4
42,academic/wiki/hubs/量子格点模型的晶格几何,量子格点模型的晶格几何,23,,4
43,academic/wiki/hubs/量子格点模型的晶格几何,量子格点模型的晶格几何,23,,4
44,academic/wiki/hubs/量子格点模型的晶格几何,量子格点模型的晶格几何,23,,4
45,academic/wiki/hubs/量子格点模型的晶格几何,量子格点模型的晶格几何,23,,4
46,academic/wiki/hubs/量子格点模型的晶格几何,量子格点模型的晶格几何,23,,4
47,academic/wiki/hubs/量子格点模型的晶格几何,量子格点模型的晶格几何,23,,4
48,academic/wiki/hubs/量子格点模型的晶格几何,量子格点模型的晶格几何,23,,4
49,academic/wiki/hubs/量子格点模型的晶格几何,量子格点模型的晶格几何,23,,4
50,academic/wiki/hubs/量子格点模型的晶格几何,量子格点模型的晶格几何,23,,4
51,academic/wiki/hubs/量子格点模型的晶格几何,量子格点模型的晶格几何,23,,4
52,academic/wiki/hubs/量子格点模型的晶格几何,量子格点模型的晶格几何,23,,4
53,academic/wiki/hubs/量子格点模型的晶格几何,量子格点模型的晶格几何,23,,4
54,academic/wiki/hubs/量子格点模型的晶格几何,量子格点模型的晶格几何,23,,4
55,academic/wiki/hubs/量子格点模型的晶格几何,量子格点模型的晶格几何,23,,4
56,academic/wiki/hubs/量子格点模型的晶格几何,量子格点模型的晶格几何,23,,4
0,academic/wiki/hubs/多参考 Hartree–Fock 与耦合簇方法,多参考 Hartree–Fock 与耦合簇方法,24,,0
1,academic/wiki/hubs/多参考 Hartree–Fock 与耦合簇方法,多参考 Hartree–Fock 与耦合簇方法,24,,0
2,academic/wiki/hubs/多参考 Hartree–Fock 与耦合簇方法,多参考 Hartree–Fock 与耦合簇方法,24,,0
3,academic/wiki/hubs/多参考 Hartree–Fock 与耦合簇方法,多参考 Hartree–Fock 与耦合簇方法,24,,0
4,academic/wiki/hubs/多参考 Hartree–Fock 与耦合簇方法,多参考 Hartree–Fock 与耦合簇方法,24,,0
5,academic/wiki/hubs/多参考 Hartree–Fock 与耦合簇方法,多参考 Hartree–Fock 与耦合簇方法,24,,0
6,academic/wiki/hubs/多参考 Hartree–Fock 与耦合簇方法,多参考 Hartree–Fock 与耦合簇方法,24,,0
7,academic/wiki/hubs/多参考 Hartree–Fock 与耦合簇方法,多参考 Hartree–Fock 与耦合簇方法,24,,0
8,academic/wiki/hubs/多参考 Hartree–Fock 与耦合簇方法,多参考 Hartree–Fock 与耦合簇方法,24,,0
9,academic/wiki/hubs/多参考 Hartree–Fock 与耦合簇方法,多参考 Hartree–Fock 与耦合簇方法,24,,0
10,academic/wiki/hubs/多参考 Hartree–Fock 与耦合簇方法,多参考 Hartree–Fock 与耦合簇方法,24,,0
11,academic/wiki/hubs/多参考 Hartree–Fock 与耦合簇方法,多参考 Hartree–Fock 与耦合簇方法,24,,0
12,academic/wiki/hubs/多参考 Hartree–Fock 与耦合簇方法,多参考 Hartree–Fock 与耦合簇方法,24,,0
13,academic/wiki/hubs/多参考 Hartree–Fock 与耦合簇方法,多参考 Hartree–Fock 与耦合簇方法,24,,0
14,academic/wiki/hubs/多参考 Hartree–Fock 与耦合簇方法,多参考 Hartree–Fock 与耦合簇方法,24,,0
15,academic/wiki/hubs/多参考 Hartree–Fock 与耦合簇方法,多参考 Hartree–Fock 与耦合簇方法,24,,0
16,academic/wiki/hubs/多参考 Hartree–Fock 与耦合簇方法,多参考 Hartree–Fock 与耦合簇方法,24,,0
17,academic/wiki/hubs/多参考 Hartree–Fock 与耦合簇方法,多参考 Hartree–Fock 与耦合簇方法,24,,0
18,academic/wiki/hubs/多参考 Hartree–Fock 与耦合簇方法,多参考 Hartree–Fock 与耦合簇方法,24,,0
19,academic/wiki/hubs/多参考 Hartree–Fock 与耦合簇方法,多参考 Hartree–Fock 与耦合簇方法,24,,0
20,academic/wiki/hubs/多参考 Hartree–Fock 与耦合簇方法,多参考 Hartree–Fock 与耦合簇方法,24,,0
21,academic/wiki/hubs/多参考 Hartree–Fock 与耦合簇方法,多参考 Hartree–Fock 与耦合簇方法,24,,0
22,academic/wiki/hubs/多参考 Hartree–Fock 与耦合簇方法,多参考 Hartree–Fock 与耦合簇方法,24,,0
23,academic/wiki/hubs/多参考 Hartree–Fock 与耦合簇方法,多参考 Hartree–Fock 与耦合簇方法,24,,0
24,academic/wiki/hubs/多参考 Hartree–Fock 与耦合簇方法,多参考 Hartree–Fock 与耦合簇方法,24,,3
25,academic/wiki/hubs/多参考 Hartree–Fock 与耦合簇方法,多参考 Hartree–Fock 与耦合簇方法,24,,3
26,academic/wiki/hubs/多参考 Hartree–Fock 与耦合簇方法,多参考 Hartree–Fock 与耦合簇方法,24,,3
27,academic/wiki/hubs/多参考 Hartree–Fock 与耦合簇方法,多参考 Hartree–Fock 与耦合簇方法,24,,3
28,academic/wiki/hubs/多参考 Hartree–Fock 与耦合簇方法,多参考 Hartree–Fock 与耦合簇方法,24,,3
29,academic/wiki/hubs/多参考 Hartree–Fock 与耦合簇方法,多参考 Hartree–Fock 与耦合簇方法,24,,3
30,academic/wiki/hubs/多参考 Hartree–Fock 与耦合簇方法,多参考 Hartree–Fock 与耦合簇方法,24,,3
31,academic/wiki/hubs/多参考 Hartree–Fock 与耦合簇方法,多参考 Hartree–Fock 与耦合簇方法,24,,3
32,academic/wiki/hubs/多参考 Hartree–Fock 与耦合簇方法,多参考 Hartree–Fock 与耦合簇方法,24,,3
33,academic/wiki/hubs/多参考 Hartree–Fock 与耦合簇方法,多参考 Hartree–Fock 与耦合簇方法,24,,3
34,academic/wiki/hubs/多参考 Hartree–Fock 与耦合簇方法,多参考 Hartree–Fock 与耦合簇方法,24,,3
35,academic/wiki/hubs/多参考 Hartree–Fock 与耦合簇方法,多参考 Hartree–Fock 与耦合簇方法,24,,3
36,academic/wiki/hubs/多参考 Hartree–Fock 与耦合簇方法,多参考 Hartree–Fock 与耦合簇方法,24,,3
37,academic/wiki/hubs/多参考 Hartree–Fock 与耦合簇方法,多参考 Hartree–Fock 与耦合簇方法,24,,3
38,academic/wiki/hubs/多参考 Hartree–Fock 与耦合簇方法,多参考 Hartree–Fock 与耦合簇方法,24,,3
39,academic/wiki/hubs/多参考 Hartree–Fock 与耦合簇方法,多参考 Hartree–Fock 与耦合簇方法,24,,3
40,academic/wiki/hubs/多参考 Hartree–Fock 与耦合簇方法,多参考 Hartree–Fock 与耦合簇方法,24,,3
41,academic/wiki/hubs/多参考 Hartree–Fock 与耦合簇方法,多参考 Hartree–Fock 与耦合簇方法,24,,3
42,academic/wiki/hubs/多参考 Hartree–Fock 与耦合簇方法,多参考 Hartree–Fock 与耦合簇方法,24,,3
43,academic/wiki/hubs/多参考 Hartree–Fock 与耦合簇方法,多参考 Hartree–Fock 与耦合簇方法,24,,3
44,academic/wiki/hubs/多参考 Hartree–Fock 与耦合簇方法,多参考 Hartree–Fock 与耦合簇方法,24,,3
45,academic/wiki/hubs/多参考 Hartree–Fock 与耦合簇方法,多参考 Hartree–Fock 与耦合簇方法,24,,3
46,academic/wiki/hubs/多参考 Hartree–Fock 与耦合簇方法,多参考 Hartree–Fock 与耦合簇方法,24,,3
47,academic/wiki/hubs/多参考 Hartree–Fock 与耦合簇方法,多参考 Hartree–Fock 与耦合簇方法,24,,3
48,academic/wiki/hubs/多参考 Hartree–Fock 与耦合簇方法,多参考 Hartree–Fock 与耦合簇方法,24,,3
49,academic/wiki/hubs/多参考 Hartree–Fock 与耦合簇方法,多参考 Hartree–Fock 与耦合簇方法,24,,3
50,academic/wiki/hubs/多参考 Hartree–Fock 与耦合簇方法,多参考 Hartree–Fock 与耦合簇方法,24,,3
51,academic/wiki/hubs/多参考 Hartree–Fock 与耦合簇方法,多参考 Hartree–Fock 与耦合簇方法,24,,3
52,academic/wiki/hubs/多参考 Hartree–Fock 与耦合簇方法,多参考 Hartree–Fock 与耦合簇方法,24,,3
53,academic/wiki/hubs/多参考 Hartree–Fock 与耦合簇方法,多参考 Hartree–Fock 与耦合簇方法,24,,3
54,academic/wiki/hubs/多参考 Hartree–Fock 与耦合簇方法,多参考 Hartree–Fock 与耦合簇方法,24,,3
55,academic/wiki/hubs/多参考 Hartree–Fock 与耦合簇方法,多参考 Hartree–Fock 与耦合簇方法,24,,3
56,academic/wiki/hubs/多参考 Hartree–Fock 与耦合簇方法,多参考 Hartree–Fock 与耦合簇方法,24,,3
0,academic/wiki/hubs/量子与变分蒙特卡洛方法,量子与变分蒙特卡洛方法,24,,0
1,academic/wiki/hubs/量子与变分蒙特卡洛方法,量子与变分蒙特卡洛方法,24,,0
2,academic/wiki/hubs/量子与变分蒙特卡洛方法,量子与变分蒙特卡洛方法,24,,0
3,academic/wiki/hubs/量子与变分蒙特卡洛方法,量子与变分蒙特卡洛方法,24,,0
4,academic/wiki/hubs/量子与变分蒙特卡洛方法,量子与变分蒙特卡洛方法,24,,0
5,academic/wiki/hubs/量子与变分蒙特卡洛方法,量子与变分蒙特卡洛方法,24,,0
6,academic/wiki/hubs/量子与变分蒙特卡洛方法,量子与变分蒙特卡洛方法,24,,0
7,academic/wiki/hubs/量子与变分蒙特卡洛方法,量子与变分蒙特卡洛方法,24,,0
8,academic/wiki/hubs/量子与变分蒙特卡洛方法,量子与变分蒙特卡洛方法,24,,0
9,academic/wiki/hubs/量子与变分蒙特卡洛方法,量子与变分蒙特卡洛方法,24,,0
10,academic/wiki/hubs/量子与变分蒙特卡洛方法,量子与变分蒙特卡洛方法,24,,0
11,academic/wiki/hubs/量子与变分蒙特卡洛方法,量子与变分蒙特卡洛方法,24,,0
12,academic/wiki/hubs/量子与变分蒙特卡洛方法,量子与变分蒙特卡洛方法,24,,0
13,academic/wiki/hubs/量子与变分蒙特卡洛方法,量子与变分蒙特卡洛方法,24,,0
14,academic/wiki/hubs/量子与变分蒙特卡洛方法,量子与变分蒙特卡洛方法,24,,0
15,academic/wiki/hubs/量子与变分蒙特卡洛方法,量子与变分蒙特卡洛方法,24,,0
16,academic/wiki/hubs/量子与变分蒙特卡洛方法,量子与变分蒙特卡洛方法,24,,0
17,academic/wiki/hubs/量子与变分蒙特卡洛方法,量子与变分蒙特卡洛方法,24,,0
18,academic/wiki/hubs/量子与变分蒙特卡洛方法,量子与变分蒙特卡洛方法,24,,0
19,academic/wiki/hubs/量子与变分蒙特卡洛方法,量子与变分蒙特卡洛方法,24,,0
20,academic/wiki/hubs/量子与变分蒙特卡洛方法,量子与变分蒙特卡洛方法,24,,0
21,academic/wiki/hubs/量子与变分蒙特卡洛方法,量子与变分蒙特卡洛方法,24,,0
22,academic/wiki/hubs/量子与变分蒙特卡洛方法,量子与变分蒙特卡洛方法,24,,0
23,academic/wiki/hubs/量子与变分蒙特卡洛方法,量子与变分蒙特卡洛方法,24,,0
24,academic/wiki/hubs/量子与变分蒙特卡洛方法,量子与变分蒙特卡洛方法,24,,4
25,academic/wiki/hubs/量子与变分蒙特卡洛方法,量子与变分蒙特卡洛方法,24,,4
26,academic/wiki/hubs/量子与变分蒙特卡洛方法,量子与变分蒙特卡洛方法,24,,4
27,academic/wiki/hubs/量子与变分蒙特卡洛方法,量子与变分蒙特卡洛方法,24,,4
28,academic/wiki/hubs/量子与变分蒙特卡洛方法,量子与变分蒙特卡洛方法,24,,4
29,academic/wiki/hubs/量子与变分蒙特卡洛方法,量子与变分蒙特卡洛方法,24,,4
30,academic/wiki/hubs/量子与变分蒙特卡洛方法,量子与变分蒙特卡洛方法,24,,4
31,academic/wiki/hubs/量子与变分蒙特卡洛方法,量子与变分蒙特卡洛方法,24,,6
32,academic/wiki/hubs/量子与变分蒙特卡洛方法,量子与变分蒙特卡洛方法,24,,6
33,academic/wiki/hubs/量子与变分蒙特卡洛方法,量子与变分蒙特卡洛方法,24,,6
34,academic/wiki/hubs/量子与变分蒙特卡洛方法,量子与变分蒙特卡洛方法,24,,6
35,academic/wiki/hubs/量子与变分蒙特卡洛方法,量子与变分蒙特卡洛方法,24,,6
36,academic/wiki/hubs/量子与变分蒙特卡洛方法,量子与变分蒙特卡洛方法,24,,6
37,academic/wiki/hubs/量子与变分蒙特卡洛方法,量子与变分蒙特卡洛方法,24,,6
38,academic/wiki/hubs/量子与变分蒙特卡洛方法,量子与变分蒙特卡洛方法,24,,6
39,academic/wiki/hubs/量子与变分蒙特卡洛方法,量子与变分蒙特卡洛方法,24,,6
40,academic/wiki/hubs/量子与变分蒙特卡洛方法,量子与变分蒙特卡洛方法,24,,6
41,academic/wiki/hubs/量子与变分蒙特卡洛方法,量子与变分蒙特卡洛方法,24,,6
42,academic/wiki/hubs/量子与变分蒙特卡洛方法,量子与变分蒙特卡洛方法,24,,6
43,academic/wiki/hubs/量子与变分蒙特卡洛方法,量子与变分蒙特卡洛方法,24,,6
44,academic/wiki/hubs/量子与变分蒙特卡洛方法,量子与变分蒙特卡洛方法,24,,6
45,academic/wiki/hubs/量子与变分蒙特卡洛方法,量子与变分蒙特卡洛方法,24,,6
46,academic/wiki/hubs/量子与变分蒙特卡洛方法,量子与变分蒙特卡洛方法,24,,6
47,academic/wiki/hubs/量子与变分蒙特卡洛方法,量子与变分蒙特卡洛方法,24,,6
48,academic/wiki/hubs/量子与变分蒙特卡洛方法,量子与变分蒙特卡洛方法,24,,6
49,academic/wiki/hubs/量子与变分蒙特卡洛方法,量子与变分蒙特卡洛方法,24,,6
50,academic/wiki/hubs/量子与变分蒙特卡洛方法,量子与变分蒙特卡洛方法,24,,6
51,academic/wiki/hubs/量子与变分蒙特卡洛方法,量子与变分蒙特卡洛方法,24,,6
52,academic/wiki/hubs/量子与变分蒙特卡洛方法,量子与变分蒙特卡洛方法,24,,6
53,academic/wiki/hubs/量子与变分蒙特卡洛方法,量子与变分蒙特卡洛方法,24,,6
54,academic/wiki/hubs/量子与变分蒙特卡洛方法,量子与变分蒙特卡洛方法,24,,6
55,academic/wiki/hubs/量子与变分蒙特卡洛方法,量子与变分蒙特卡洛方法,24,,6
56,academic/wiki/hubs/量子与变分蒙特卡洛方法,量子与变分蒙特卡洛方法,24,,6
0,academic/wiki/hubs/一维量子自旋链与基态,一维量子自旋链与基态,30,,0
1,academic/wiki/hubs/一维量子自旋链与基态,一维量子自旋链与基态,30,,0
2,academic/wiki/hubs/一维量子自旋链与基态,一维量子自旋链与基态,30,,0
3,academic/wiki/hubs/一维量子自旋链与基态,一维量子自旋链与基态,30,,0
4,academic/wiki/hubs/一维量子自旋链与基态,一维量子自旋链与基态,30,,0
5,academic/wiki/hubs/一维量子自旋链与基态,一维量子自旋链与基态,30,,0
6,academic/wiki/hubs/一维量子自旋链与基态,一维量子自旋链与基态,30,,0
7,academic/wiki/hubs/一维量子自旋链与基态,一维量子自旋链与基态,30,,0
8,academic/wiki/hubs/一维量子自旋链与基态,一维量子自旋链与基态,30,,0
9,academic/wiki/hubs/一维量子自旋链与基态,一维量子自旋链与基态,30,,0
10,academic/wiki/hubs/一维量子自旋链与基态,一维量子自旋链与基态,30,,0
11,academic/wiki/hubs/一维量子自旋链与基态,一维量子自旋链与基态,30,,0
12,academic/wiki/hubs/一维量子自旋链与基态,一维量子自旋链与基态,30,,0
13,academic/wiki/hubs/一维量子自旋链与基态,一维量子自旋链与基态,30,,0
14,academic/wiki/hubs/一维量子自旋链与基态,一维量子自旋链与基态,30,,0
15,academic/wiki/hubs/一维量子自旋链与基态,一维量子自旋链与基态,30,,0
16,academic/wiki/hubs/一维量子自旋链与基态,一维量子自旋链与基态,30,,0
17,academic/wiki/hubs/一维量子自旋链与基态,一维量子自旋链与基态,30,,0
18,academic/wiki/hubs/一维量子自旋链与基态,一维量子自旋链与基态,30,,0
19,academic/wiki/hubs/一维量子自旋链与基态,一维量子自旋链与基态,30,,0
20,academic/wiki/hubs/一维量子自旋链与基态,一维量子自旋链与基态,30,,0
21,academic/wiki/hubs/一维量子自旋链与基态,一维量子自旋链与基态,30,,0
22,academic/wiki/hubs/一维量子自旋链与基态,一维量子自旋链与基态,30,,0
23,academic/wiki/hubs/一维量子自旋链与基态,一维量子自旋链与基态,30,,0
24,academic/wiki/hubs/一维量子自旋链与基态,一维量子自旋链与基态,30,,0
25,academic/wiki/hubs/一维量子自旋链与基态,一维量子自旋链与基态,30,,0
26,academic/wiki/hubs/一维量子自旋链与基态,一维量子自旋链与基态,30,,0
27,academic/wiki/hubs/一维量子自旋链与基态,一维量子自旋链与基态,30,,0
28,academic/wiki/hubs/一维量子自旋链与基态,一维量子自旋链与基态,30,,0
29,academic/wiki/hubs/一维量子自旋链与基态,一维量子自旋链与基态,30,,0
30,academic/wiki/hubs/一维量子自旋链与基态,一维量子自旋链与基态,30,,1
31,academic/wiki/hubs/一维量子自旋链与基态,一维量子自旋链与基态,30,,2
32,academic/wiki/hubs/一维量子自旋链与基态,一维量子自旋链与基态,30,,2
33,academic/wiki/hubs/一维量子自旋链与基态,一维量子自旋链与基态,30,,2
34,academic/wiki/hubs/一维量子自旋链与基态,一维量子自旋链与基态,30,,2
35,academic/wiki/hubs/一维量子自旋链与基态,一维量子自旋链与基态,30,,2
36,academic/wiki/hubs/一维量子自旋链与基态,一维量子自旋链与基态,30,,2
37,academic/wiki/hubs/一维量子自旋链与基态,一维量子自旋链与基态,30,,2
38,academic/wiki/hubs/一维量子自旋链与基态,一维量子自旋链与基态,30,,2
39,academic/wiki/hubs/一维量子自旋链与基态,一维量子自旋链与基态,30,,2
40,academic/wiki/hubs/一维量子自旋链与基态,一维量子自旋链与基态,30,,2
41,academic/wiki/hubs/一维量子自旋链与基态,一维量子自旋链与基态,30,,2
42,academic/wiki/hubs/一维量子自旋链与基态,一维量子自旋链与基态,30,,2
43,academic/wiki/hubs/一维量子自旋链与基态,一维量子自旋链与基态,30,,2
44,academic/wiki/hubs/一维量子自旋链与基态,一维量子自旋链与基态,30,,2
45,academic/wiki/hubs/一维量子自旋链与基态,一维量子自旋链与基态,30,,2
46,academic/wiki/hubs/一维量子自旋链与基态,一维量子自旋链与基态,30,,2
47,academic/wiki/hubs/一维量子自旋链与基态,一维量子自旋链与基态,30,,2
48,academic/wiki/hubs/一维量子自旋链与基态,一维量子自旋链与基态,30,,2
49,academic/wiki/hubs/一维量子自旋链与基态,一维量子自旋链与基态,30,,2
50,academic/wiki/hubs/一维量子自旋链与基态,一维量子自旋链与基态,30,,2
51,academic/wiki/hubs/一维量子自旋链与基态,一维量子自旋链与基态,30,,2
52,academic/wiki/hubs/一维量子自旋链与基态,一维量子自旋链与基态,30,,2
53,academic/wiki/hubs/一维量子自旋链与基态,一维量子自旋链与基态,30,,2
54,academic/wiki/hubs/一维量子自旋链与基态,一维量子自旋链与基态,30,,2
55,academic/wiki/hubs/一维量子自旋链与基态,一维量子自旋链与基态,30,,2
56,academic/wiki/hubs/一维量子自旋链与基态,一维量子自旋链与基态,30,,2
0,academic/wiki/hubs/量子自旋模型与自旋液体,量子自旋模型与自旋液体,30,,0
1,academic/wiki/hubs/量子自旋模型与自旋液体,量子自旋模型与自旋液体,30,,0
2,academic/wiki/hubs/量子自旋模型与自旋液体,量子自旋模型与自旋液体,30,,0
3,academic/wiki/hubs/量子自旋模型与自旋液体,量子自旋模型与自旋液体,30,,0
4,academic/wiki/hubs/量子自旋模型与自旋液体,量子自旋模型与自旋液体,30,,0
5,academic/wiki/hubs/量子自旋模型与自旋液体,量子自旋模型与自旋液体,30,,0
6,academic/wiki/hubs/量子自旋模型与自旋液体,量子自旋模型与自旋液体,30,,0
7,academic/wiki/hubs/量子自旋模型与自旋液体,量子自旋模型与自旋液体,30,,0
8,academic/wiki/hubs/量子自旋模型与自旋液体,量子自旋模型与自旋液体,30,,0
9,academic/wiki/hubs/量子自旋模型与自旋液体,量子自旋模型与自旋液体,30,,0
10,academic/wiki/hubs/量子自旋模型与自旋液体,量子自旋模型与自旋液体,30,,0
11,academic/wiki/hubs/量子自旋模型与自旋液体,量子自旋模型与自旋液体,30,,0
12,academic/wiki/hubs/量子自旋模型与自旋液体,量子自旋模型与自旋液体,30,,0
13,academic/wiki/hubs/量子自旋模型与自旋液体,量子自旋模型与自旋液体,30,,0
14,academic/wiki/hubs/量子自旋模型与自旋液体,量子自旋模型与自旋液体,30,,0
15,academic/wiki/hubs/量子自旋模型与自旋液体,量子自旋模型与自旋液体,30,,0
16,academic/wiki/hubs/量子自旋模型与自旋液体,量子自旋模型与自旋液体,30,,0
17,academic/wiki/hubs/量子自旋模型与自旋液体,量子自旋模型与自旋液体,30,,0
18,academic/wiki/hubs/量子自旋模型与自旋液体,量子自旋模型与自旋液体,30,,0
19,academic/wiki/hubs/量子自旋模型与自旋液体,量子自旋模型与自旋液体,30,,0
20,academic/wiki/hubs/量子自旋模型与自旋液体,量子自旋模型与自旋液体,30,,0
21,academic/wiki/hubs/量子自旋模型与自旋液体,量子自旋模型与自旋液体,30,,0
22,academic/wiki/hubs/量子自旋模型与自旋液体,量子自旋模型与自旋液体,30,,0
23,academic/wiki/hubs/量子自旋模型与自旋液体,量子自旋模型与自旋液体,30,,0
24,academic/wiki/hubs/量子自旋模型与自旋液体,量子自旋模型与自旋液体,30,,0
25,academic/wiki/hubs/量子自旋模型与自旋液体,量子自旋模型与自旋液体,30,,0
26,academic/wiki/hubs/量子自旋模型与自旋液体,量子自旋模型与自旋液体,30,,0
27,academic/wiki/hubs/量子自旋模型与自旋液体,量子自旋模型与自旋液体,30,,0
28,academic/wiki/hubs/量子自旋模型与自旋液体,量子自旋模型与自旋液体,30,,0
29,academic/wiki/hubs/量子自旋模型与自旋液体,量子自旋模型与自旋液体,30,,0
30,academic/wiki/hubs/量子自旋模型与自旋液体,量子自旋模型与自旋液体,30,,6
31,academic/wiki/hubs/量子自旋模型与自旋液体,量子自旋模型与自旋液体,30,,6
32,academic/wiki/hubs/量子自旋模型与自旋液体,量子自旋模型与自旋液体,30,,6
33,academic/wiki/hubs/量子自旋模型与自旋液体,量子自旋模型与自旋液体,30,,6
34,academic/wiki/hubs/量子自旋模型与自旋液体,量子自旋模型与自旋液体,30,,6
35,academic/wiki/hubs/量子自旋模型与自旋液体,量子自旋模型与自旋液体,30,,6
36,academic/wiki/hubs/量子自旋模型与自旋液体,量子自旋模型与自旋液体,30,,6
37,academic/wiki/hubs/量子自旋模型与自旋液体,量子自旋模型与自旋液体,30,,6
38,academic/wiki/hubs/量子自旋模型与自旋液体,量子自旋模型与自旋液体,30,,6
39,academic/wiki/hubs/量子自旋模型与自旋液体,量子自旋模型与自旋液体,30,,6
40,academic/wiki/hubs/量子自旋模型与自旋液体,量子自旋模型与自旋液体,30,,6
41,academic/wiki/hubs/量子自旋模型与自旋液体,量子自旋模型与自旋液体,30,,6
42,academic/wiki/hubs/量子自旋模型与自旋液体,量子自旋模型与自旋液体,30,,6
43,academic/wiki/hubs/量子自旋模型与自旋液体,量子自旋模型与自旋液体,30,,6
44,academic/wiki/hubs/量子自旋模型与自旋液体,量子自旋模型与自旋液体,30,,6
45,academic/wiki/hubs/量子自旋模型与自旋液体,量子自旋模型与自旋液体,30,,6
46,academic/wiki/hubs/量子自旋模型与自旋液体,量子自旋模型与自旋液体,30,,6
47,academic/wiki/hubs/量子自旋模型与自旋液体,量子自旋模型与自旋液体,30,,6
48,academic/wiki/hubs/量子自旋模型与自旋液体,量子自旋模型与自旋液体,30,,6
49,academic/wiki/hubs/量子自旋模型与自旋液体,量子自旋模型与自旋液体,30,,6
50,academic/wiki/hubs/量子自旋模型与自旋液体,量子自旋模型与自旋液体,30,,6
51,academic/wiki/hubs/量子自旋模型与自旋液体,量子自旋模型与自旋液体,30,,6
52,academic/wiki/hubs/量子自旋模型与自旋液体,量子自旋模型与自旋液体,30,,6
53,academic/wiki/hubs/量子自旋模型与自旋液体,量子自旋模型与自旋液体,30,,6
54,academic/wiki/hubs/量子自旋模型与自旋液体,量子自旋模型与自旋液体,30,,6
55,academic/wiki/hubs/量子自旋模型与自旋液体,量子自旋模型与自旋液体,30,,6
56,academic/wiki/hubs/量子自旋模型与自旋液体,量子自旋模型与自旋液体,30,,6
0,academic/wiki/hubs/神经网络求解电子薛定谔方程,神经网络求解电子薛定谔方程,36,,0
1,academic/wiki/hubs/神经网络求解电子薛定谔方程,神经网络求解电子薛定谔方程,36,,0
2,academic/wiki/hubs/神经网络求解电子薛定谔方程,神经网络求解电子薛定谔方程,36,,0
3,academic/wiki/hubs/神经网络求解电子薛定谔方程,神经网络求解电子薛定谔方程,36,,0
4,academic/wiki/hubs/神经网络求解电子薛定谔方程,神经网络求解电子薛定谔方程,36,,0
5,academic/wiki/hubs/神经网络求解电子薛定谔方程,神经网络求解电子薛定谔方程,36,,0
6,academic/wiki/hubs/神经网络求解电子薛定谔方程,神经网络求解电子薛定谔方程,36,,0
7,academic/wiki/hubs/神经网络求解电子薛定谔方程,神经网络求解电子薛定谔方程,36,,0
8,academic/wiki/hubs/神经网络求解电子薛定谔方程,神经网络求解电子薛定谔方程,36,,0
9,academic/wiki/hubs/神经网络求解电子薛定谔方程,神经网络求解电子薛定谔方程,36,,0
10,academic/wiki/hubs/神经网络求解电子薛定谔方程,神经网络求解电子薛定谔方程,36,,0
11,academic/wiki/hubs/神经网络求解电子薛定谔方程,神经网络求解电子薛定谔方程,36,,0
12,academic/wiki/hubs/神经网络求解电子薛定谔方程,神经网络求解电子薛定谔方程,36,,0
13,academic/wiki/hubs/神经网络求解电子薛定谔方程,神经网络求解电子薛定谔方程,36,,0
14,academic/wiki/hubs/神经网络求解电子薛定谔方程,神经网络求解电子薛定谔方程,36,,0
15,academic/wiki/hubs/神经网络求解电子薛定谔方程,神经网络求解电子薛定谔方程,36,,0
16,academic/wiki/hubs/神经网络求解电子薛定谔方程,神经网络求解电子薛定谔方程,36,,0
17,academic/wiki/hubs/神经网络求解电子薛定谔方程,神经网络求解电子薛定谔方程,36,,0
18,academic/wiki/hubs/神经网络求解电子薛定谔方程,神经网络求解电子薛定谔方程,36,,0
19,academic/wiki/hubs/神经网络求解电子薛定谔方程,神经网络求解电子薛定谔方程,36,,0
20,academic/wiki/hubs/神经网络求解电子薛定谔方程,神经网络求解电子薛定谔方程,36,,0
21,academic/wiki/hubs/神经网络求解电子薛定谔方程,神经网络求解电子薛定谔方程,36,,0
22,academic/wiki/hubs/神经网络求解电子薛定谔方程,神经网络求解电子薛定谔方程,36,,0
23,academic/wiki/hubs/神经网络求解电子薛定谔方程,神经网络求解电子薛定谔方程,36,,0
24,academic/wiki/hubs/神经网络求解电子薛定谔方程,神经网络求解电子薛定谔方程,36,,0
25,academic/wiki/hubs/神经网络求解电子薛定谔方程,神经网络求解电子薛定谔方程,36,,0
26,academic/wiki/hubs/神经网络求解电子薛定谔方程,神经网络求解电子薛定谔方程,36,,0
27,academic/wiki/hubs/神经网络求解电子薛定谔方程,神经网络求解电子薛定谔方程,36,,0
28,academic/wiki/hubs/神经网络求解电子薛定谔方程,神经网络求解电子薛定谔方程,36,,0
29,academic/wiki/hubs/神经网络求解电子薛定谔方程,神经网络求解电子薛定谔方程,36,,0
30,academic/wiki/hubs/神经网络求解电子薛定谔方程,神经网络求解电子薛定谔方程,36,,0
31,academic/wiki/hubs/神经网络求解电子薛定谔方程,神经网络求解电子薛定谔方程,36,,0
32,academic/wiki/hubs/神经网络求解电子薛定谔方程,神经网络求解电子薛定谔方程,36,,0
33,academic/wiki/hubs/神经网络求解电子薛定谔方程,神经网络求解电子薛定谔方程,36,,0
34,academic/wiki/hubs/神经网络求解电子薛定谔方程,神经网络求解电子薛定谔方程,36,,0
35,academic/wiki/hubs/神经网络求解电子薛定谔方程,神经网络求解电子薛定谔方程,36,,0
36,academic/wiki/hubs/神经网络求解电子薛定谔方程,神经网络求解电子薛定谔方程,36,,5
37,academic/wiki/hubs/神经网络求解电子薛定谔方程,神经网络求解电子薛定谔方程,36,,5
38,academic/wiki/hubs/神经网络求解电子薛定谔方程,神经网络求解电子薛定谔方程,36,,5
39,academic/wiki/hubs/神经网络求解电子薛定谔方程,神经网络求解电子薛定谔方程,36,,5
40,academic/wiki/hubs/神经网络求解电子薛定谔方程,神经网络求解电子薛定谔方程,36,,5
41,academic/wiki/hubs/神经网络求解电子薛定谔方程,神经网络求解电子薛定谔方程,36,,5
42,academic/wiki/hubs/神经网络求解电子薛定谔方程,神经网络求解电子薛定谔方程,36,,5
43,academic/wiki/hubs/神经网络求解电子薛定谔方程,神经网络求解电子薛定谔方程,36,,5
44,academic/wiki/hubs/神经网络求解电子薛定谔方程,神经网络求解电子薛定谔方程,36,,5
45,academic/wiki/hubs/神经网络求解电子薛定谔方程,神经网络求解电子薛定谔方程,36,,5
46,academic/wiki/hubs/神经网络求解电子薛定谔方程,神经网络求解电子薛定谔方程,36,,5
47,academic/wiki/hubs/神经网络求解电子薛定谔方程,神经网络求解电子薛定谔方程,36,,5
48,academic/wiki/hubs/神经网络求解电子薛定谔方程,神经网络求解电子薛定谔方程,36,,5
49,academic/wiki/hubs/神经网络求解电子薛定谔方程,神经网络求解电子薛定谔方程,36,,5
50,academic/wiki/hubs/神经网络求解电子薛定谔方程,神经网络求解电子薛定谔方程,36,,5
51,academic/wiki/hubs/神经网络求解电子薛定谔方程,神经网络求解电子薛定谔方程,36,,5
52,academic/wiki/hubs/神经网络求解电子薛定谔方程,神经网络求解电子薛定谔方程,36,,5
53,academic/wiki/hubs/神经网络求解电子薛定谔方程,神经网络求解电子薛定谔方程,36,,5
54,academic/wiki/hubs/神经网络求解电子薛定谔方程,神经网络求解电子薛定谔方程,36,,5
55,academic/wiki/hubs/神经网络求解电子薛定谔方程,神经网络求解电子薛定谔方程,36,,5
56,academic/wiki/hubs/神经网络求解电子薛定谔方程,神经网络求解电子薛定谔方程,36,,5
0,academic/wiki/hubs/局域与双体纠缠熵及面积律,局域与双体纠缠熵及面积律,37,academic/wiki/hubs/纠缠熵与纠缠谱诊断,0
1,academic/wiki/hubs/局域与双体纠缠熵及面积律,局域与双体纠缠熵及面积律,37,academic/wiki/hubs/纠缠熵与纠缠谱诊断,0
2,academic/wiki/hubs/局域与双体纠缠熵及面积律,局域与双体纠缠熵及面积律,37,academic/wiki/hubs/纠缠熵与纠缠谱诊断,0
3,academic/wiki/hubs/局域与双体纠缠熵及面积律,局域与双体纠缠熵及面积律,37,academic/wiki/hubs/纠缠熵与纠缠谱诊断,0
4,academic/wiki/hubs/局域与双体纠缠熵及面积律,局域与双体纠缠熵及面积律,37,academic/wiki/hubs/纠缠熵与纠缠谱诊断,0
5,academic/wiki/hubs/局域与双体纠缠熵及面积律,局域与双体纠缠熵及面积律,37,academic/wiki/hubs/纠缠熵与纠缠谱诊断,0
6,academic/wiki/hubs/局域与双体纠缠熵及面积律,局域与双体纠缠熵及面积律,37,academic/wiki/hubs/纠缠熵与纠缠谱诊断,0
7,academic/wiki/hubs/局域与双体纠缠熵及面积律,局域与双体纠缠熵及面积律,37,academic/wiki/hubs/纠缠熵与纠缠谱诊断,0
8,academic/wiki/hubs/局域与双体纠缠熵及面积律,局域与双体纠缠熵及面积律,37,academic/wiki/hubs/纠缠熵与纠缠谱诊断,0
9,academic/wiki/hubs/局域与双体纠缠熵及面积律,局域与双体纠缠熵及面积律,37,academic/wiki/hubs/纠缠熵与纠缠谱诊断,0
10,academic/wiki/hubs/局域与双体纠缠熵及面积律,局域与双体纠缠熵及面积律,37,academic/wiki/hubs/纠缠熵与纠缠谱诊断,0
11,academic/wiki/hubs/局域与双体纠缠熵及面积律,局域与双体纠缠熵及面积律,37,academic/wiki/hubs/纠缠熵与纠缠谱诊断,0
12,academic/wiki/hubs/局域与双体纠缠熵及面积律,局域与双体纠缠熵及面积律,37,academic/wiki/hubs/纠缠熵与纠缠谱诊断,0
13,academic/wiki/hubs/局域与双体纠缠熵及面积律,局域与双体纠缠熵及面积律,37,academic/wiki/hubs/纠缠熵与纠缠谱诊断,0
14,academic/wiki/hubs/局域与双体纠缠熵及面积律,局域与双体纠缠熵及面积律,37,academic/wiki/hubs/纠缠熵与纠缠谱诊断,0
15,academic/wiki/hubs/局域与双体纠缠熵及面积律,局域与双体纠缠熵及面积律,37,academic/wiki/hubs/纠缠熵与纠缠谱诊断,0
16,academic/wiki/hubs/局域与双体纠缠熵及面积律,局域与双体纠缠熵及面积律,37,academic/wiki/hubs/纠缠熵与纠缠谱诊断,0
17,academic/wiki/hubs/局域与双体纠缠熵及面积律,局域与双体纠缠熵及面积律,37,academic/wiki/hubs/纠缠熵与纠缠谱诊断,0
18,academic/wiki/hubs/局域与双体纠缠熵及面积律,局域与双体纠缠熵及面积律,37,academic/wiki/hubs/纠缠熵与纠缠谱诊断,0
19,academic/wiki/hubs/局域与双体纠缠熵及面积律,局域与双体纠缠熵及面积律,37,academic/wiki/hubs/纠缠熵与纠缠谱诊断,0
20,academic/wiki/hubs/局域与双体纠缠熵及面积律,局域与双体纠缠熵及面积律,37,academic/wiki/hubs/纠缠熵与纠缠谱诊断,0
21,academic/wiki/hubs/局域与双体纠缠熵及面积律,局域与双体纠缠熵及面积律,37,academic/wiki/hubs/纠缠熵与纠缠谱诊断,0
22,academic/wiki/hubs/局域与双体纠缠熵及面积律,局域与双体纠缠熵及面积律,37,academic/wiki/hubs/纠缠熵与纠缠谱诊断,0
23,academic/wiki/hubs/局域与双体纠缠熵及面积律,局域与双体纠缠熵及面积律,37,academic/wiki/hubs/纠缠熵与纠缠谱诊断,0
24,academic/wiki/hubs/局域与双体纠缠熵及面积律,局域与双体纠缠熵及面积律,37,academic/wiki/hubs/纠缠熵与纠缠谱诊断,0
25,academic/wiki/hubs/局域与双体纠缠熵及面积律,局域与双体纠缠熵及面积律,37,academic/wiki/hubs/纠缠熵与纠缠谱诊断,0
26,academic/wiki/hubs/局域与双体纠缠熵及面积律,局域与双体纠缠熵及面积律,37,academic/wiki/hubs/纠缠熵与纠缠谱诊断,0
27,academic/wiki/hubs/局域与双体纠缠熵及面积律,局域与双体纠缠熵及面积律,37,academic/wiki/hubs/纠缠熵与纠缠谱诊断,0
28,academic/wiki/hubs/局域与双体纠缠熵及面积律,局域与双体纠缠熵及面积律,37,academic/wiki/hubs/纠缠熵与纠缠谱诊断,0
29,academic/wiki/hubs/局域与双体纠缠熵及面积律,局域与双体纠缠熵及面积律,37,academic/wiki/hubs/纠缠熵与纠缠谱诊断,0
30,academic/wiki/hubs/局域与双体纠缠熵及面积律,局域与双体纠缠熵及面积律,37,academic/wiki/hubs/纠缠熵与纠缠谱诊断,0
31,academic/wiki/hubs/局域与双体纠缠熵及面积律,局域与双体纠缠熵及面积律,37,academic/wiki/hubs/纠缠熵与纠缠谱诊断,0
32,academic/wiki/hubs/局域与双体纠缠熵及面积律,局域与双体纠缠熵及面积律,37,academic/wiki/hubs/纠缠熵与纠缠谱诊断,0
33,academic/wiki/hubs/局域与双体纠缠熵及面积律,局域与双体纠缠熵及面积律,37,academic/wiki/hubs/纠缠熵与纠缠谱诊断,0
34,academic/wiki/hubs/局域与双体纠缠熵及面积律,局域与双体纠缠熵及面积律,37,academic/wiki/hubs/纠缠熵与纠缠谱诊断,0
35,academic/wiki/hubs/局域与双体纠缠熵及面积律,局域与双体纠缠熵及面积律,37,academic/wiki/hubs/纠缠熵与纠缠谱诊断,0
36,academic/wiki/hubs/局域与双体纠缠熵及面积律,局域与双体纠缠熵及面积律,37,academic/wiki/hubs/纠缠熵与纠缠谱诊断,0
37,academic/wiki/hubs/局域与双体纠缠熵及面积律,局域与双体纠缠熵及面积律,37,academic/wiki/hubs/纠缠熵与纠缠谱诊断,8
38,academic/wiki/hubs/局域与双体纠缠熵及面积律,局域与双体纠缠熵及面积律,37,academic/wiki/hubs/纠缠熵与纠缠谱诊断,12
39,academic/wiki/hubs/局域与双体纠缠熵及面积律,局域与双体纠缠熵及面积律,37,academic/wiki/hubs/纠缠熵与纠缠谱诊断,12
40,academic/wiki/hubs/局域与双体纠缠熵及面积律,局域与双体纠缠熵及面积律,37,academic/wiki/hubs/纠缠熵与纠缠谱诊断,12
41,academic/wiki/hubs/局域与双体纠缠熵及面积律,局域与双体纠缠熵及面积律,37,academic/wiki/hubs/纠缠熵与纠缠谱诊断,12
42,academic/wiki/hubs/局域与双体纠缠熵及面积律,局域与双体纠缠熵及面积律,37,academic/wiki/hubs/纠缠熵与纠缠谱诊断,12
43,academic/wiki/hubs/局域与双体纠缠熵及面积律,局域与双体纠缠熵及面积律,37,academic/wiki/hubs/纠缠熵与纠缠谱诊断,12
44,academic/wiki/hubs/局域与双体纠缠熵及面积律,局域与双体纠缠熵及面积律,37,academic/wiki/hubs/纠缠熵与纠缠谱诊断,12
45,academic/wiki/hubs/局域与双体纠缠熵及面积律,局域与双体纠缠熵及面积律,37,academic/wiki/hubs/纠缠熵与纠缠谱诊断,12
46,academic/wiki/hubs/局域与双体纠缠熵及面积律,局域与双体纠缠熵及面积律,37,academic/wiki/hubs/纠缠熵与纠缠谱诊断,12
47,academic/wiki/hubs/局域与双体纠缠熵及面积律,局域与双体纠缠熵及面积律,37,academic/wiki/hubs/纠缠熵与纠缠谱诊断,12
48,academic/wiki/hubs/局域与双体纠缠熵及面积律,局域与双体纠缠熵及面积律,37,academic/wiki/hubs/纠缠熵与纠缠谱诊断,12
49,academic/wiki/hubs/局域与双体纠缠熵及面积律,局域与双体纠缠熵及面积律,37,academic/wiki/hubs/纠缠熵与纠缠谱诊断,12
50,academic/wiki/hubs/局域与双体纠缠熵及面积律,局域与双体纠缠熵及面积律,37,academic/wiki/hubs/纠缠熵与纠缠谱诊断,12
51,academic/wiki/hubs/局域与双体纠缠熵及面积律,局域与双体纠缠熵及面积律,37,academic/wiki/hubs/纠缠熵与纠缠谱诊断,12
52,academic/wiki/hubs/局域与双体纠缠熵及面积律,局域与双体纠缠熵及面积律,37,academic/wiki/hubs/纠缠熵与纠缠谱诊断,12
53,academic/wiki/hubs/局域与双体纠缠熵及面积律,局域与双体纠缠熵及面积律,37,academic/wiki/hubs/纠缠熵与纠缠谱诊断,12
54,academic/wiki/hubs/局域与双体纠缠熵及面积律,局域与双体纠缠熵及面积律,37,academic/wiki/hubs/纠缠熵与纠缠谱诊断,12
55,academic/wiki/hubs/局域与双体纠缠熵及面积律,局域与双体纠缠熵及面积律,37,academic/wiki/hubs/纠缠熵与纠缠谱诊断,12
56,academic/wiki/hubs/局域与双体纠缠熵及面积律,局域与双体纠缠熵及面积律,37,academic/wiki/hubs/纠缠熵与纠缠谱诊断,12
0,academic/wiki/hubs/张量重正化群及可微变体,张量重正化群及可微变体,39,,0
1,academic/wiki/hubs/张量重正化群及可微变体,张量重正化群及可微变体,39,,0
2,academic/wiki/hubs/张量重正化群及可微变体,张量重正化群及可微变体,39,,0
3,academic/wiki/hubs/张量重正化群及可微变体,张量重正化群及可微变体,39,,0
4,academic/wiki/hubs/张量重正化群及可微变体,张量重正化群及可微变体,39,,0
5,academic/wiki/hubs/张量重正化群及可微变体,张量重正化群及可微变体,39,,0
6,academic/wiki/hubs/张量重正化群及可微变体,张量重正化群及可微变体,39,,0
7,academic/wiki/hubs/张量重正化群及可微变体,张量重正化群及可微变体,39,,0
8,academic/wiki/hubs/张量重正化群及可微变体,张量重正化群及可微变体,39,,0
9,academic/wiki/hubs/张量重正化群及可微变体,张量重正化群及可微变体,39,,0
10,academic/wiki/hubs/张量重正化群及可微变体,张量重正化群及可微变体,39,,0
11,academic/wiki/hubs/张量重正化群及可微变体,张量重正化群及可微变体,39,,0
12,academic/wiki/hubs/张量重正化群及可微变体,张量重正化群及可微变体,39,,0
13,academic/wiki/hubs/张量重正化群及可微变体,张量重正化群及可微变体,39,,0
14,academic/wiki/hubs/张量重正化群及可微变体,张量重正化群及可微变体,39,,0
15,academic/wiki/hubs/张量重正化群及可微变体,张量重正化群及可微变体,39,,0
16,academic/wiki/hubs/张量重正化群及可微变体,张量重正化群及可微变体,39,,0
17,academic/wiki/hubs/张量重正化群及可微变体,张量重正化群及可微变体,39,,0
18,academic/wiki/hubs/张量重正化群及可微变体,张量重正化群及可微变体,39,,0
19,academic/wiki/hubs/张量重正化群及可微变体,张量重正化群及可微变体,39,,0
20,academic/wiki/hubs/张量重正化群及可微变体,张量重正化群及可微变体,39,,0
21,academic/wiki/hubs/张量重正化群及可微变体,张量重正化群及可微变体,39,,0
22,academic/wiki/hubs/张量重正化群及可微变体,张量重正化群及可微变体,39,,0
23,academic/wiki/hubs/张量重正化群及可微变体,张量重正化群及可微变体,39,,0
24,academic/wiki/hubs/张量重正化群及可微变体,张量重正化群及可微变体,39,,0
25,academic/wiki/hubs/张量重正化群及可微变体,张量重正化群及可微变体,39,,0
26,academic/wiki/hubs/张量重正化群及可微变体,张量重正化群及可微变体,39,,0
27,academic/wiki/hubs/张量重正化群及可微变体,张量重正化群及可微变体,39,,0
28,academic/wiki/hubs/张量重正化群及可微变体,张量重正化群及可微变体,39,,0
29,academic/wiki/hubs/张量重正化群及可微变体,张量重正化群及可微变体,39,,0
30,academic/wiki/hubs/张量重正化群及可微变体,张量重正化群及可微变体,39,,0
31,academic/wiki/hubs/张量重正化群及可微变体,张量重正化群及可微变体,39,,0
32,academic/wiki/hubs/张量重正化群及可微变体,张量重正化群及可微变体,39,,0
33,academic/wiki/hubs/张量重正化群及可微变体,张量重正化群及可微变体,39,,0
34,academic/wiki/hubs/张量重正化群及可微变体,张量重正化群及可微变体,39,,0
35,academic/wiki/hubs/张量重正化群及可微变体,张量重正化群及可微变体,39,,0
36,academic/wiki/hubs/张量重正化群及可微变体,张量重正化群及可微变体,39,,0
37,academic/wiki/hubs/张量重正化群及可微变体,张量重正化群及可微变体,39,,0
38,academic/wiki/hubs/张量重正化群及可微变体,张量重正化群及可微变体,39,,0
39,academic/wiki/hubs/张量重正化群及可微变体,张量重正化群及可微变体,39,,5
40,academic/wiki/hubs/张量重正化群及可微变体,张量重正化群及可微变体,39,,5
41,academic/wiki/hubs/张量重正化群及可微变体,张量重正化群及可微变体,39,,5
42,academic/wiki/hubs/张量重正化群及可微变体,张量重正化群及可微变体,39,,5
43,academic/wiki/hubs/张量重正化群及可微变体,张量重正化群及可微变体,39,,5
44,academic/wiki/hubs/张量重正化群及可微变体,张量重正化群及可微变体,39,,5
45,academic/wiki/hubs/张量重正化群及可微变体,张量重正化群及可微变体,39,,5
46,academic/wiki/hubs/张量重正化群及可微变体,张量重正化群及可微变体,39,,5
47,academic/wiki/hubs/张量重正化群及可微变体,张量重正化群及可微变体,39,,5
48,academic/wiki/hubs/张量重正化群及可微变体,张量重正化群及可微变体,39,,5
49,academic/wiki/hubs/张量重正化群及可微变体,张量重正化群及可微变体,39,,5
50,academic/wiki/hubs/张量重正化群及可微变体,张量重正化群及可微变体,39,,5
51,academic/wiki/hubs/张量重正化群及可微变体,张量重正化群及可微变体,39,,5
52,academic/wiki/hubs/张量重正化群及可微变体,张量重正化群及可微变体,39,,5
53,academic/wiki/hubs/张量重正化群及可微变体,张量重正化群及可微变体,39,,5
54,academic/wiki/hubs/张量重正化群及可微变体,张量重正化群及可微变体,39,,5
55,academic/wiki/hubs/张量重正化群及可微变体,张量重正化群及可微变体,39,,5
56,academic/wiki/hubs/张量重正化群及可微变体,张量重正化群及可微变体,39,,5
0,academic/wiki/hubs/PEPS/PESS 表示及高维推广,PEPS/PESS 表示及高维推广,42,,0
1,academic/wiki/hubs/PEPS/PESS 表示及高维推广,PEPS/PESS 表示及高维推广,42,,0
2,academic/wiki/hubs/PEPS/PESS 表示及高维推广,PEPS/PESS 表示及高维推广,42,,0
3,academic/wiki/hubs/PEPS/PESS 表示及高维推广,PEPS/PESS 表示及高维推广,42,,0
4,academic/wiki/hubs/PEPS/PESS 表示及高维推广,PEPS/PESS 表示及高维推广,42,,0
5,academic/wiki/hubs/PEPS/PESS 表示及高维推广,PEPS/PESS 表示及高维推广,42,,0
6,academic/wiki/hubs/PEPS/PESS 表示及高维推广,PEPS/PESS 表示及高维推广,42,,0
7,academic/wiki/hubs/PEPS/PESS 表示及高维推广,PEPS/PESS 表示及高维推广,42,,0
8,academic/wiki/hubs/PEPS/PESS 表示及高维推广,PEPS/PESS 表示及高维推广,42,,0
9,academic/wiki/hubs/PEPS/PESS 表示及高维推广,PEPS/PESS 表示及高维推广,42,,0
10,academic/wiki/hubs/PEPS/PESS 表示及高维推广,PEPS/PESS 表示及高维推广,42,,0
11,academic/wiki/hubs/PEPS/PESS 表示及高维推广,PEPS/PESS 表示及高维推广,42,,0
12,academic/wiki/hubs/PEPS/PESS 表示及高维推广,PEPS/PESS 表示及高维推广,42,,0
13,academic/wiki/hubs/PEPS/PESS 表示及高维推广,PEPS/PESS 表示及高维推广,42,,0
14,academic/wiki/hubs/PEPS/PESS 表示及高维推广,PEPS/PESS 表示及高维推广,42,,0
15,academic/wiki/hubs/PEPS/PESS 表示及高维推广,PEPS/PESS 表示及高维推广,42,,0
16,academic/wiki/hubs/PEPS/PESS 表示及高维推广,PEPS/PESS 表示及高维推广,42,,0
17,academic/wiki/hubs/PEPS/PESS 表示及高维推广,PEPS/PESS 表示及高维推广,42,,0
18,academic/wiki/hubs/PEPS/PESS 表示及高维推广,PEPS/PESS 表示及高维推广,42,,0
19,academic/wiki/hubs/PEPS/PESS 表示及高维推广,PEPS/PESS 表示及高维推广,42,,0
20,academic/wiki/hubs/PEPS/PESS 表示及高维推广,PEPS/PESS 表示及高维推广,42,,0
21,academic/wiki/hubs/PEPS/PESS 表示及高维推广,PEPS/PESS 表示及高维推广,42,,0
22,academic/wiki/hubs/PEPS/PESS 表示及高维推广,PEPS/PESS 表示及高维推广,42,,0
23,academic/wiki/hubs/PEPS/PESS 表示及高维推广,PEPS/PESS 表示及高维推广,42,,0
24,academic/wiki/hubs/PEPS/PESS 表示及高维推广,PEPS/PESS 表示及高维推广,42,,0
25,academic/wiki/hubs/PEPS/PESS 表示及高维推广,PEPS/PESS 表示及高维推广,42,,0
26,academic/wiki/hubs/PEPS/PESS 表示及高维推广,PEPS/PESS 表示及高维推广,42,,0
27,academic/wiki/hubs/PEPS/PESS 表示及高维推广,PEPS/PESS 表示及高维推广,42,,0
28,academic/wiki/hubs/PEPS/PESS 表示及高维推广,PEPS/PESS 表示及高维推广,42,,0
29,academic/wiki/hubs/PEPS/PESS 表示及高维推广,PEPS/PESS 表示及高维推广,42,,0
30,academic/wiki/hubs/PEPS/PESS 表示及高维推广,PEPS/PESS 表示及高维推广,42,,0
31,academic/wiki/hubs/PEPS/PESS 表示及高维推广,PEPS/PESS 表示及高维推广,42,,0
32,academic/wiki/hubs/PEPS/PESS 表示及高维推广,PEPS/PESS 表示及高维推广,42,,0
33,academic/wiki/hubs/PEPS/PESS 表示及高维推广,PEPS/PESS 表示及高维推广,42,,0
34,academic/wiki/hubs/PEPS/PESS 表示及高维推广,PEPS/PESS 表示及高维推广,42,,0
35,academic/wiki/hubs/PEPS/PESS 表示及高维推广,PEPS/PESS 表示及高维推广,42,,0
36,academic/wiki/hubs/PEPS/PESS 表示及高维推广,PEPS/PESS 表示及高维推广,42,,0
37,academic/wiki/hubs/PEPS/PESS 表示及高维推广,PEPS/PESS 表示及高维推广,42,,0
38,academic/wiki/hubs/PEPS/PESS 表示及高维推广,PEPS/PESS 表示及高维推广,42,,0
39,academic/wiki/hubs/PEPS/PESS 表示及高维推广,PEPS/PESS 表示及高维推广,42,,0
40,academic/wiki/hubs/PEPS/PESS 表示及高维推广,PEPS/PESS 表示及高维推广,42,,0
41,academic/wiki/hubs/PEPS/PESS 表示及高维推广,PEPS/PESS 表示及高维推广,42,,0
42,academic/wiki/hubs/PEPS/PESS 表示及高维推广,PEPS/PESS 表示及高维推广,42,,6
43,academic/wiki/hubs/PEPS/PESS 表示及高维推广,PEPS/PESS 表示及高维推广,42,,12
44,academic/wiki/hubs/PEPS/PESS 表示及高维推广,PEPS/PESS 表示及高维推广,42,,12
45,academic/wiki/hubs/PEPS/PESS 表示及高维推广,PEPS/PESS 表示及高维推广,42,,13
46,academic/wiki/hubs/PEPS/PESS 表示及高维推广,PEPS/PESS 表示及高维推广,42,,14
47,academic/wiki/hubs/PEPS/PESS 表示及高维推广,PEPS/PESS 表示及高维推广,42,,14
48,academic/wiki/hubs/PEPS/PESS 表示及高维推广,PEPS/PESS 表示及高维推广,42,,14
49,academic/wiki/hubs/PEPS/PESS 表示及高维推广,PEPS/PESS 表示及高维推广,42,,14
50,academic/wiki/hubs/PEPS/PESS 表示及高维推广,PEPS/PESS 表示及高维推广,42,,14
51,academic/wiki/hubs/PEPS/PESS 表示及高维推广,PEPS/PESS 表示及高维推广,42,,14
52,academic/wiki/hubs/PEPS/PESS 表示及高维推广,PEPS/PESS 表示及高维推广,42,,14
53,academic/wiki/hubs/PEPS/PESS 表示及高维推广,PEPS/PESS 表示及高维推广,42,,15
54,academic/wiki/hubs/PEPS/PESS 表示及高维推广,PEPS/PESS 表示及高维推广,42,,15
55,academic/wiki/hubs/PEPS/PESS 表示及高维推广,PEPS/PESS 表示及高维推广,42,,15
56,academic/wiki/hubs/PEPS/PESS 表示及高维推广,PEPS/PESS 表示及高维推广,42,,15
0,academic/wiki/hubs/价键固体与价键晶体,价键固体与价键晶体,42,,0
1,academic/wiki/hubs/价键固体与价键晶体,价键固体与价键晶体,42,,0
2,academic/wiki/hubs/价键固体与价键晶体,价键固体与价键晶体,42,,0
3,academic/wiki/hubs/价键固体与价键晶体,价键固体与价键晶体,42,,0
4,academic/wiki/hubs/价键固体与价键晶体,价键固体与价键晶体,42,,0
5,academic/wiki/hubs/价键固体与价键晶体,价键固体与价键晶体,42,,0
6,academic/wiki/hubs/价键固体与价键晶体,价键固体与价键晶体,42,,0
7,academic/wiki/hubs/价键固体与价键晶体,价键固体与价键晶体,42,,0
8,academic/wiki/hubs/价键固体与价键晶体,价键固体与价键晶体,42,,0
9,academic/wiki/hubs/价键固体与价键晶体,价键固体与价键晶体,42,,0
10,academic/wiki/hubs/价键固体与价键晶体,价键固体与价键晶体,42,,0
11,academic/wiki/hubs/价键固体与价键晶体,价键固体与价键晶体,42,,0
12,academic/wiki/hubs/价键固体与价键晶体,价键固体与价键晶体,42,,0
13,academic/wiki/hubs/价键固体与价键晶体,价键固体与价键晶体,42,,0
14,academic/wiki/hubs/价键固体与价键晶体,价键固体与价键晶体,42,,0
15,academic/wiki/hubs/价键固体与价键晶体,价键固体与价键晶体,42,,0
16,academic/wiki/hubs/价键固体与价键晶体,价键固体与价键晶体,42,,0
17,academic/wiki/hubs/价键固体与价键晶体,价键固体与价键晶体,42,,0
18,academic/wiki/hubs/价键固体与价键晶体,价键固体与价键晶体,42,,0
19,academic/wiki/hubs/价键固体与价键晶体,价键固体与价键晶体,42,,0
20,academic/wiki/hubs/价键固体与价键晶体,价键固体与价键晶体,42,,0
21,academic/wiki/hubs/价键固体与价键晶体,价键固体与价键晶体,42,,0
22,academic/wiki/hubs/价键固体与价键晶体,价键固体与价键晶体,42,,0
23,academic/wiki/hubs/价键固体与价键晶体,价键固体与价键晶体,42,,0
24,academic/wiki/hubs/价键固体与价键晶体,价键固体与价键晶体,42,,0
25,academic/wiki/hubs/价键固体与价键晶体,价键固体与价键晶体,42,,0
26,academic/wiki/hubs/价键固体与价键晶体,价键固体与价键晶体,42,,0
27,academic/wiki/hubs/价键固体与价键晶体,价键固体与价键晶体,42,,0
28,academic/wiki/hubs/价键固体与价键晶体,价键固体与价键晶体,42,,0
29,academic/wiki/hubs/价键固体与价键晶体,价键固体与价键晶体,42,,0
30,academic/wiki/hubs/价键固体与价键晶体,价键固体与价键晶体,42,,0
31,academic/wiki/hubs/价键固体与价键晶体,价键固体与价键晶体,42,,0
32,academic/wiki/hubs/价键固体与价键晶体,价键固体与价键晶体,42,,0
33,academic/wiki/hubs/价键固体与价键晶体,价键固体与价键晶体,42,,0
34,academic/wiki/hubs/价键固体与价键晶体,价键固体与价键晶体,42,,0
35,academic/wiki/hubs/价键固体与价键晶体,价键固体与价键晶体,42,,0
36,academic/wiki/hubs/价键固体与价键晶体,价键固体与价键晶体,42,,0
37,academic/wiki/hubs/价键固体与价键晶体,价键固体与价键晶体,42,,0
38,academic/wiki/hubs/价键固体与价键晶体,价键固体与价键晶体,42,,0
39,academic/wiki/hubs/价键固体与价键晶体,价键固体与价键晶体,42,,0
40,academic/wiki/hubs/价键固体与价键晶体,价键固体与价键晶体,42,,0
41,academic/wiki/hubs/价键固体与价键晶体,价键固体与价键晶体,42,,0
42,academic/wiki/hubs/价键固体与价键晶体,价键固体与价键晶体,42,,4
43,academic/wiki/hubs/价键固体与价键晶体,价键固体与价键晶体,42,,4
44,academic/wiki/hubs/价键固体与价键晶体,价键固体与价键晶体,42,,4
45,academic/wiki/hubs/价键固体与价键晶体,价键固体与价键晶体,42,,4
46,academic/wiki/hubs/价键固体与价键晶体,价键固体与价键晶体,42,,4
47,academic/wiki/hubs/价键固体与价键晶体,价键固体与价键晶体,42,,4
48,academic/wiki/hubs/价键固体与价键晶体,价键固体与价键晶体,42,,4
49,academic/wiki/hubs/价键固体与价键晶体,价键固体与价键晶体,42,,4
50,academic/wiki/hubs/价键固体与价键晶体,价键固体与价键晶体,42,,4
51,academic/wiki/hubs/价键固体与价键晶体,价键固体与价键晶体,42,,4
52,academic/wiki/hubs/价键固体与价键晶体,价键固体与价键晶体,42,,4
53,academic/wiki/hubs/价键固体与价键晶体,价键固体与价键晶体,42,,4
54,academic/wiki/hubs/价键固体与价键晶体,价键固体与价键晶体,42,,4
55,academic/wiki/hubs/价键固体与价键晶体,价键固体与价键晶体,42,,4
56,academic/wiki/hubs/价键固体与价键晶体,价键固体与价键晶体,42,,4
0,academic/wiki/hubs/张量网络方法与机器学习,张量网络方法与机器学习,46,,0
1,academic/wiki/hubs/张量网络方法与机器学习,张量网络方法与机器学习,46,,0
2,academic/wiki/hubs/张量网络方法与机器学习,张量网络方法与机器学习,46,,0
3,academic/wiki/hubs/张量网络方法与机器学习,张量网络方法与机器学习,46,,0
4,academic/wiki/hubs/张量网络方法与机器学习,张量网络方法与机器学习,46,,0
5,academic/wiki/hubs/张量网络方法与机器学习,张量网络方法与机器学习,46,,0
6,academic/wiki/hubs/张量网络方法与机器学习,张量网络方法与机器学习,46,,0
7,academic/wiki/hubs/张量网络方法与机器学习,张量网络方法与机器学习,46,,0
8,academic/wiki/hubs/张量网络方法与机器学习,张量网络方法与机器学习,46,,0
9,academic/wiki/hubs/张量网络方法与机器学习,张量网络方法与机器学习,46,,0
10,academic/wiki/hubs/张量网络方法与机器学习,张量网络方法与机器学习,46,,0
11,academic/wiki/hubs/张量网络方法与机器学习,张量网络方法与机器学习,46,,0
12,academic/wiki/hubs/张量网络方法与机器学习,张量网络方法与机器学习,46,,0
13,academic/wiki/hubs/张量网络方法与机器学习,张量网络方法与机器学习,46,,0
14,academic/wiki/hubs/张量网络方法与机器学习,张量网络方法与机器学习,46,,0
15,academic/wiki/hubs/张量网络方法与机器学习,张量网络方法与机器学习,46,,0
16,academic/wiki/hubs/张量网络方法与机器学习,张量网络方法与机器学习,46,,0
17,academic/wiki/hubs/张量网络方法与机器学习,张量网络方法与机器学习,46,,0
18,academic/wiki/hubs/张量网络方法与机器学习,张量网络方法与机器学习,46,,0
19,academic/wiki/hubs/张量网络方法与机器学习,张量网络方法与机器学习,46,,0
20,academic/wiki/hubs/张量网络方法与机器学习,张量网络方法与机器学习,46,,0
21,academic/wiki/hubs/张量网络方法与机器学习,张量网络方法与机器学习,46,,0
22,academic/wiki/hubs/张量网络方法与机器学习,张量网络方法与机器学习,46,,0
23,academic/wiki/hubs/张量网络方法与机器学习,张量网络方法与机器学习,46,,0
24,academic/wiki/hubs/张量网络方法与机器学习,张量网络方法与机器学习,46,,0
25,academic/wiki/hubs/张量网络方法与机器学习,张量网络方法与机器学习,46,,0
26,academic/wiki/hubs/张量网络方法与机器学习,张量网络方法与机器学习,46,,0
27,academic/wiki/hubs/张量网络方法与机器学习,张量网络方法与机器学习,46,,0
28,academic/wiki/hubs/张量网络方法与机器学习,张量网络方法与机器学习,46,,0
29,academic/wiki/hubs/张量网络方法与机器学习,张量网络方法与机器学习,46,,0
30,academic/wiki/hubs/张量网络方法与机器学习,张量网络方法与机器学习,46,,0
31,academic/wiki/hubs/张量网络方法与机器学习,张量网络方法与机器学习,46,,0
32,academic/wiki/hubs/张量网络方法与机器学习,张量网络方法与机器学习,46,,0
33,academic/wiki/hubs/张量网络方法与机器学习,张量网络方法与机器学习,46,,0
34,academic/wiki/hubs/张量网络方法与机器学习,张量网络方法与机器学习,46,,0
35,academic/wiki/hubs/张量网络方法与机器学习,张量网络方法与机器学习,46,,0
36,academic/wiki/hubs/张量网络方法与机器学习,张量网络方法与机器学习,46,,0
37,academic/wiki/hubs/张量网络方法与机器学习,张量网络方法与机器学习,46,,0
38,academic/wiki/hubs/张量网络方法与机器学习,张量网络方法与机器学习,46,,0
39,academic/wiki/hubs/张量网络方法与机器学习,张量网络方法与机器学习,46,,0
40,academic/wiki/hubs/张量网络方法与机器学习,张量网络方法与机器学习,46,,0
41,academic/wiki/hubs/张量网络方法与机器学习,张量网络方法与机器学习,46,,0
42,academic/wiki/hubs/张量网络方法与机器学习,张量网络方法与机器学习,46,,0
43,academic/wiki/hubs/张量网络方法与机器学习,张量网络方法与机器学习,46,,0
44,academic/wiki/hubs/张量网络方法与机器学习,张量网络方法与机器学习,46,,0
45,academic/wiki/hubs/张量网络方法与机器学习,张量网络方法与机器学习,46,,0
46,academic/wiki/hubs/张量网络方法与机器学习,张量网络方法与机器学习,46,,4
47,academic/wiki/hubs/张量网络方法与机器学习,张量网络方法与机器学习,46,,2
48,academic/wiki/hubs/张量网络方法与机器学习,张量网络方法与机器学习,46,,2
49,academic/wiki/hubs/张量网络方法与机器学习,张量网络方法与机器学习,46,,2
50,academic/wiki/hubs/张量网络方法与机器学习,张量网络方法与机器学习,46,,4
51,academic/wiki/hubs/张量网络方法与机器学习,张量网络方法与机器学习,46,,4
52,academic/wiki/hubs/张量网络方法与机器学习,张量网络方法与机器学习,46,,4
53,academic/wiki/hubs/张量网络方法与机器学习,张量网络方法与机器学习,46,,4
54,academic/wiki/hubs/张量网络方法与机器学习,张量网络方法与机器学习,46,,4
55,academic/wiki/hubs/张量网络方法与机器学习,张量网络方法与机器学习,46,,4
56,academic/wiki/hubs/张量网络方法与机器学习,张量网络方法与机器学习,46,,4
0,academic/wiki/hubs/关联长度与最近邻关联诊断,关联长度与最近邻关联诊断,55,academic/wiki/hubs/二维量子多体系统与临界性,0
1,academic/wiki/hubs/关联长度与最近邻关联诊断,关联长度与最近邻关联诊断,55,academic/wiki/hubs/二维量子多体系统与临界性,0
2,academic/wiki/hubs/关联长度与最近邻关联诊断,关联长度与最近邻关联诊断,55,academic/wiki/hubs/二维量子多体系统与临界性,0
3,academic/wiki/hubs/关联长度与最近邻关联诊断,关联长度与最近邻关联诊断,55,academic/wiki/hubs/二维量子多体系统与临界性,0
4,academic/wiki/hubs/关联长度与最近邻关联诊断,关联长度与最近邻关联诊断,55,academic/wiki/hubs/二维量子多体系统与临界性,0
5,academic/wiki/hubs/关联长度与最近邻关联诊断,关联长度与最近邻关联诊断,55,academic/wiki/hubs/二维量子多体系统与临界性,0
6,academic/wiki/hubs/关联长度与最近邻关联诊断,关联长度与最近邻关联诊断,55,academic/wiki/hubs/二维量子多体系统与临界性,0
7,academic/wiki/hubs/关联长度与最近邻关联诊断,关联长度与最近邻关联诊断,55,academic/wiki/hubs/二维量子多体系统与临界性,0
8,academic/wiki/hubs/关联长度与最近邻关联诊断,关联长度与最近邻关联诊断,55,academic/wiki/hubs/二维量子多体系统与临界性,0
9,academic/wiki/hubs/关联长度与最近邻关联诊断,关联长度与最近邻关联诊断,55,academic/wiki/hubs/二维量子多体系统与临界性,0
10,academic/wiki/hubs/关联长度与最近邻关联诊断,关联长度与最近邻关联诊断,55,academic/wiki/hubs/二维量子多体系统与临界性,0
11,academic/wiki/hubs/关联长度与最近邻关联诊断,关联长度与最近邻关联诊断,55,academic/wiki/hubs/二维量子多体系统与临界性,0
12,academic/wiki/hubs/关联长度与最近邻关联诊断,关联长度与最近邻关联诊断,55,academic/wiki/hubs/二维量子多体系统与临界性,0
13,academic/wiki/hubs/关联长度与最近邻关联诊断,关联长度与最近邻关联诊断,55,academic/wiki/hubs/二维量子多体系统与临界性,0
14,academic/wiki/hubs/关联长度与最近邻关联诊断,关联长度与最近邻关联诊断,55,academic/wiki/hubs/二维量子多体系统与临界性,0
15,academic/wiki/hubs/关联长度与最近邻关联诊断,关联长度与最近邻关联诊断,55,academic/wiki/hubs/二维量子多体系统与临界性,0
16,academic/wiki/hubs/关联长度与最近邻关联诊断,关联长度与最近邻关联诊断,55,academic/wiki/hubs/二维量子多体系统与临界性,0
17,academic/wiki/hubs/关联长度与最近邻关联诊断,关联长度与最近邻关联诊断,55,academic/wiki/hubs/二维量子多体系统与临界性,0
18,academic/wiki/hubs/关联长度与最近邻关联诊断,关联长度与最近邻关联诊断,55,academic/wiki/hubs/二维量子多体系统与临界性,0
19,academic/wiki/hubs/关联长度与最近邻关联诊断,关联长度与最近邻关联诊断,55,academic/wiki/hubs/二维量子多体系统与临界性,0
20,academic/wiki/hubs/关联长度与最近邻关联诊断,关联长度与最近邻关联诊断,55,academic/wiki/hubs/二维量子多体系统与临界性,0
21,academic/wiki/hubs/关联长度与最近邻关联诊断,关联长度与最近邻关联诊断,55,academic/wiki/hubs/二维量子多体系统与临界性,0
22,academic/wiki/hubs/关联长度与最近邻关联诊断,关联长度与最近邻关联诊断,55,academic/wiki/hubs/二维量子多体系统与临界性,0
23,academic/wiki/hubs/关联长度与最近邻关联诊断,关联长度与最近邻关联诊断,55,academic/wiki/hubs/二维量子多体系统与临界性,0
24,academic/wiki/hubs/关联长度与最近邻关联诊断,关联长度与最近邻关联诊断,55,academic/wiki/hubs/二维量子多体系统与临界性,0
25,academic/wiki/hubs/关联长度与最近邻关联诊断,关联长度与最近邻关联诊断,55,academic/wiki/hubs/二维量子多体系统与临界性,0
26,academic/wiki/hubs/关联长度与最近邻关联诊断,关联长度与最近邻关联诊断,55,academic/wiki/hubs/二维量子多体系统与临界性,0
27,academic/wiki/hubs/关联长度与最近邻关联诊断,关联长度与最近邻关联诊断,55,academic/wiki/hubs/二维量子多体系统与临界性,0
28,academic/wiki/hubs/关联长度与最近邻关联诊断,关联长度与最近邻关联诊断,55,academic/wiki/hubs/二维量子多体系统与临界性,0
29,academic/wiki/hubs/关联长度与最近邻关联诊断,关联长度与最近邻关联诊断,55,academic/wiki/hubs/二维量子多体系统与临界性,0
30,academic/wiki/hubs/关联长度与最近邻关联诊断,关联长度与最近邻关联诊断,55,academic/wiki/hubs/二维量子多体系统与临界性,0
31,academic/wiki/hubs/关联长度与最近邻关联诊断,关联长度与最近邻关联诊断,55,academic/wiki/hubs/二维量子多体系统与临界性,0
32,academic/wiki/hubs/关联长度与最近邻关联诊断,关联长度与最近邻关联诊断,55,academic/wiki/hubs/二维量子多体系统与临界性,0
33,academic/wiki/hubs/关联长度与最近邻关联诊断,关联长度与最近邻关联诊断,55,academic/wiki/hubs/二维量子多体系统与临界性,0
34,academic/wiki/hubs/关联长度与最近邻关联诊断,关联长度与最近邻关联诊断,55,academic/wiki/hubs/二维量子多体系统与临界性,0
35,academic/wiki/hubs/关联长度与最近邻关联诊断,关联长度与最近邻关联诊断,55,academic/wiki/hubs/二维量子多体系统与临界性,0
36,academic/wiki/hubs/关联长度与最近邻关联诊断,关联长度与最近邻关联诊断,55,academic/wiki/hubs/二维量子多体系统与临界性,0
37,academic/wiki/hubs/关联长度与最近邻关联诊断,关联长度与最近邻关联诊断,55,academic/wiki/hubs/二维量子多体系统与临界性,0
38,academic/wiki/hubs/关联长度与最近邻关联诊断,关联长度与最近邻关联诊断,55,academic/wiki/hubs/二维量子多体系统与临界性,0
39,academic/wiki/hubs/关联长度与最近邻关联诊断,关联长度与最近邻关联诊断,55,academic/wiki/hubs/二维量子多体系统与临界性,0
40,academic/wiki/hubs/关联长度与最近邻关联诊断,关联长度与最近邻关联诊断,55,academic/wiki/hubs/二维量子多体系统与临界性,0
41,academic/wiki/hubs/关联长度与最近邻关联诊断,关联长度与最近邻关联诊断,55,academic/wiki/hubs/二维量子多体系统与临界性,0
42,academic/wiki/hubs/关联长度与最近邻关联诊断,关联长度与最近邻关联诊断,55,academic/wiki/hubs/二维量子多体系统与临界性,0
43,academic/wiki/hubs/关联长度与最近邻关联诊断,关联长度与最近邻关联诊断,55,academic/wiki/hubs/二维量子多体系统与临界性,0
44,academic/wiki/hubs/关联长度与最近邻关联诊断,关联长度与最近邻关联诊断,55,academic/wiki/hubs/二维量子多体系统与临界性,0
45,academic/wiki/hubs/关联长度与最近邻关联诊断,关联长度与最近邻关联诊断,55,academic/wiki/hubs/二维量子多体系统与临界性,0
46,academic/wiki/hubs/关联长度与最近邻关联诊断,关联长度与最近邻关联诊断,55,academic/wiki/hubs/二维量子多体系统与临界性,0
47,academic/wiki/hubs/关联长度与最近邻关联诊断,关联长度与最近邻关联诊断,55,academic/wiki/hubs/二维量子多体系统与临界性,0
48,academic/wiki/hubs/关联长度与最近邻关联诊断,关联长度与最近邻关联诊断,55,academic/wiki/hubs/二维量子多体系统与临界性,0
49,academic/wiki/hubs/关联长度与最近邻关联诊断,关联长度与最近邻关联诊断,55,academic/wiki/hubs/二维量子多体系统与临界性,0
50,academic/wiki/hubs/关联长度与最近邻关联诊断,关联长度与最近邻关联诊断,55,academic/wiki/hubs/二维量子多体系统与临界性,0
51,academic/wiki/hubs/关联长度与最近邻关联诊断,关联长度与最近邻关联诊断,55,academic/wiki/hubs/二维量子多体系统与临界性,0
52,academic/wiki/hubs/关联长度与最近邻关联诊断,关联长度与最近邻关联诊断,55,academic/wiki/hubs/二维量子多体系统与临界性,0
53,academic/wiki/hubs/关联长度与最近邻关联诊断,关联长度与最近邻关联诊断,55,academic/wiki/hubs/二维量子多体系统与临界性,0
54,academic/wiki/hubs/关联长度与最近邻关联诊断,关联长度与最近邻关联诊断,55,academic/wiki/hubs/二维量子多体系统与临界性,0
55,academic/wiki/hubs/关联长度与最近邻关联诊断,关联长度与最近邻关联诊断,55,academic/wiki/hubs/二维量子多体系统与临界性,8
56,academic/wiki/hubs/关联长度与最近邻关联诊断,关联长度与最近邻关联诊断,55,academic/wiki/hubs/二维量子多体系统与临界性,7
0,academic/wiki/hubs/msQFM 及其编码方案,msQFM 及其编码方案,56,academic/wiki/hubs/张量网络方法与机器学习,0
1,academic/wiki/hubs/msQFM 及其编码方案,msQFM 及其编码方案,56,academic/wiki/hubs/张量网络方法与机器学习,0
2,academic/wiki/hubs/msQFM 及其编码方案,msQFM 及其编码方案,56,academic/wiki/hubs/张量网络方法与机器学习,0
3,academic/wiki/hubs/msQFM 及其编码方案,msQFM 及其编码方案,56,academic/wiki/hubs/张量网络方法与机器学习,0
4,academic/wiki/hubs/msQFM 及其编码方案,msQFM 及其编码方案,56,academic/wiki/hubs/张量网络方法与机器学习,0
5,academic/wiki/hubs/msQFM 及其编码方案,msQFM 及其编码方案,56,academic/wiki/hubs/张量网络方法与机器学习,0
6,academic/wiki/hubs/msQFM 及其编码方案,msQFM 及其编码方案,56,academic/wiki/hubs/张量网络方法与机器学习,0
7,academic/wiki/hubs/msQFM 及其编码方案,msQFM 及其编码方案,56,academic/wiki/hubs/张量网络方法与机器学习,0
8,academic/wiki/hubs/msQFM 及其编码方案,msQFM 及其编码方案,56,academic/wiki/hubs/张量网络方法与机器学习,0
9,academic/wiki/hubs/msQFM 及其编码方案,msQFM 及其编码方案,56,academic/wiki/hubs/张量网络方法与机器学习,0
10,academic/wiki/hubs/msQFM 及其编码方案,msQFM 及其编码方案,56,academic/wiki/hubs/张量网络方法与机器学习,0
11,academic/wiki/hubs/msQFM 及其编码方案,msQFM 及其编码方案,56,academic/wiki/hubs/张量网络方法与机器学习,0
12,academic/wiki/hubs/msQFM 及其编码方案,msQFM 及其编码方案,56,academic/wiki/hubs/张量网络方法与机器学习,0
13,academic/wiki/hubs/msQFM 及其编码方案,msQFM 及其编码方案,56,academic/wiki/hubs/张量网络方法与机器学习,0
14,academic/wiki/hubs/msQFM 及其编码方案,msQFM 及其编码方案,56,academic/wiki/hubs/张量网络方法与机器学习,0
15,academic/wiki/hubs/msQFM 及其编码方案,msQFM 及其编码方案,56,academic/wiki/hubs/张量网络方法与机器学习,0
16,academic/wiki/hubs/msQFM 及其编码方案,msQFM 及其编码方案,56,academic/wiki/hubs/张量网络方法与机器学习,0
17,academic/wiki/hubs/msQFM 及其编码方案,msQFM 及其编码方案,56,academic/wiki/hubs/张量网络方法与机器学习,0
18,academic/wiki/hubs/msQFM 及其编码方案,msQFM 及其编码方案,56,academic/wiki/hubs/张量网络方法与机器学习,0
19,academic/wiki/hubs/msQFM 及其编码方案,msQFM 及其编码方案,56,academic/wiki/hubs/张量网络方法与机器学习,0
20,academic/wiki/hubs/msQFM 及其编码方案,msQFM 及其编码方案,56,academic/wiki/hubs/张量网络方法与机器学习,0
21,academic/wiki/hubs/msQFM 及其编码方案,msQFM 及其编码方案,56,academic/wiki/hubs/张量网络方法与机器学习,0
22,academic/wiki/hubs/msQFM 及其编码方案,msQFM 及其编码方案,56,academic/wiki/hubs/张量网络方法与机器学习,0
23,academic/wiki/hubs/msQFM 及其编码方案,msQFM 及其编码方案,56,academic/wiki/hubs/张量网络方法与机器学习,0
24,academic/wiki/hubs/msQFM 及其编码方案,msQFM 及其编码方案,56,academic/wiki/hubs/张量网络方法与机器学习,0
25,academic/wiki/hubs/msQFM 及其编码方案,msQFM 及其编码方案,56,academic/wiki/hubs/张量网络方法与机器学习,0
26,academic/wiki/hubs/msQFM 及其编码方案,msQFM 及其编码方案,56,academic/wiki/hubs/张量网络方法与机器学习,0
27,academic/wiki/hubs/msQFM 及其编码方案,msQFM 及其编码方案,56,academic/wiki/hubs/张量网络方法与机器学习,0
28,academic/wiki/hubs/msQFM 及其编码方案,msQFM 及其编码方案,56,academic/wiki/hubs/张量网络方法与机器学习,0
29,academic/wiki/hubs/msQFM 及其编码方案,msQFM 及其编码方案,56,academic/wiki/hubs/张量网络方法与机器学习,0
30,academic/wiki/hubs/msQFM 及其编码方案,msQFM 及其编码方案,56,academic/wiki/hubs/张量网络方法与机器学习,0
31,academic/wiki/hubs/msQFM 及其编码方案,msQFM 及其编码方案,56,academic/wiki/hubs/张量网络方法与机器学习,0
32,academic/wiki/hubs/msQFM 及其编码方案,msQFM 及其编码方案,56,academic/wiki/hubs/张量网络方法与机器学习,0
33,academic/wiki/hubs/msQFM 及其编码方案,msQFM 及其编码方案,56,academic/wiki/hubs/张量网络方法与机器学习,0
34,academic/wiki/hubs/msQFM 及其编码方案,msQFM 及其编码方案,56,academic/wiki/hubs/张量网络方法与机器学习,0
35,academic/wiki/hubs/msQFM 及其编码方案,msQFM 及其编码方案,56,academic/wiki/hubs/张量网络方法与机器学习,0
36,academic/wiki/hubs/msQFM 及其编码方案,msQFM 及其编码方案,56,academic/wiki/hubs/张量网络方法与机器学习,0
37,academic/wiki/hubs/msQFM 及其编码方案,msQFM 及其编码方案,56,academic/wiki/hubs/张量网络方法与机器学习,0
38,academic/wiki/hubs/msQFM 及其编码方案,msQFM 及其编码方案,56,academic/wiki/hubs/张量网络方法与机器学习,0
39,academic/wiki/hubs/msQFM 及其编码方案,msQFM 及其编码方案,56,academic/wiki/hubs/张量网络方法与机器学习,0
40,academic/wiki/hubs/msQFM 及其编码方案,msQFM 及其编码方案,56,academic/wiki/hubs/张量网络方法与机器学习,0
41,academic/wiki/hubs/msQFM 及其编码方案,msQFM 及其编码方案,56,academic/wiki/hubs/张量网络方法与机器学习,0
42,academic/wiki/hubs/msQFM 及其编码方案,msQFM 及其编码方案,56,academic/wiki/hubs/张量网络方法与机器学习,0
43,academic/wiki/hubs/msQFM 及其编码方案,msQFM 及其编码方案,56,academic/wiki/hubs/张量网络方法与机器学习,0
44,academic/wiki/hubs/msQFM 及其编码方案,msQFM 及其编码方案,56,academic/wiki/hubs/张量网络方法与机器学习,0
45,academic/wiki/hubs/msQFM 及其编码方案,msQFM 及其编码方案,56,academic/wiki/hubs/张量网络方法与机器学习,0
46,academic/wiki/hubs/msQFM 及其编码方案,msQFM 及其编码方案,56,academic/wiki/hubs/张量网络方法与机器学习,0
47,academic/wiki/hubs/msQFM 及其编码方案,msQFM 及其编码方案,56,academic/wiki/hubs/张量网络方法与机器学习,0
48,academic/wiki/hubs/msQFM 及其编码方案,msQFM 及其编码方案,56,academic/wiki/hubs/张量网络方法与机器学习,0
49,academic/wiki/hubs/msQFM 及其编码方案,msQFM 及其编码方案,56,academic/wiki/hubs/张量网络方法与机器学习,0
50,academic/wiki/hubs/msQFM 及其编码方案,msQFM 及其编码方案,56,academic/wiki/hubs/张量网络方法与机器学习,0
51,academic/wiki/hubs/msQFM 及其编码方案,msQFM 及其编码方案,56,academic/wiki/hubs/张量网络方法与机器学习,0
52,academic/wiki/hubs/msQFM 及其编码方案,msQFM 及其编码方案,56,academic/wiki/hubs/张量网络方法与机器学习,0
53,academic/wiki/hubs/msQFM 及其编码方案,msQFM 及其编码方案,56,academic/wiki/hubs/张量网络方法与机器学习,0
54,academic/wiki/hubs/msQFM 及其编码方案,msQFM 及其编码方案,56,academic/wiki/hubs/张量网络方法与机器学习,0
55,academic/wiki/hubs/msQFM 及其编码方案,msQFM 及其编码方案,56,academic/wiki/hubs/张量网络方法与机器学习,0
56,academic/wiki/hubs/msQFM 及其编码方案,msQFM 及其编码方案,56,academic/wiki/hubs/张量网络方法与机器学习,2
