step,entry_id,work_id,publication_date,title,page,reuse,create,abstain,reuse_fraction_R,eligible_canonical_nodes,multi_source_nodes,multi_source_consolidation_M,old_nodes,changed_old_nodes,old_node_membership_churn_C,candidate_event_count,committed_event_count,hub_births,hub_splits,hub_merges,hub_retirements,is_sensitivity_entry
1,2010-distorted-kagome,2010-distorted-kagome,2010,Phase transitions and thermodynamics of the two-dimensional Ising model on a distorted kagome lattice,academic/wiki/papers/D001-2010-distorted-kagome,0,11,0,0,12,0,0,0,0,,0,0,0,0,0,0,False
2,2010-ltrg,2010-ltrg,2011,Linearized Tensor Renormalization Group Algorithm for the Calculation of Thermodynamic Properties of Quantum Lattice Models,academic/wiki/papers/D002-2010-ltrg,0,7,0,0,19,0,0,12,0,0,0,0,0,0,0,0,False
3,2012-spin-1-chain-闫,2012-spin-1-chain-闫,2012,"Phase diagrams, distinct conformal anomalies, and thermodynamics of spin-1 bond-alternating Heisenberg antiferromagnetic chain in magnetic fields",academic/wiki/papers/D003-2012-spin-1-chain-闫,2,16,0,0.111111111111,35,2,0.0571428571429,19,0,0,0,0,0,0,0,0,False
4,2012-odtns,2012-odtns,2012,Optimized decimation of tensor networks with super-orthogonalization for two-dimensional quantum lattice models,academic/wiki/papers/D004-2012-odtns,2,21,0,0.0869565217391,56,4,0.0714285714286,35,0,0,0,0,0,0,0,0,False
5,2014-zhaoyanghoneycombladder,2014-zhaoyanghoneycombladder,2013,Honeycomb Heisenberg spin ladder: Unusual ground state and thermodynamic properties,academic/wiki/papers/D005-2014-zhaoyanghoneycombladder,2,11,0,0.153846153846,67,5,0.0746268656716,56,0,0,0,0,0,0,0,0,False
6,2013-ncd-physrevb88064407,2013-ncd-physrevb88064407,2013,Theory of network contractor dynamics for exploring thermodynamic properties of two-dimensional quantum lattice models,academic/wiki/papers/D006-2013-ncd-physrevb88064407,5,16,0,0.238095238095,83,9,0.10843373494,67,0,0,0,0,0,0,0,0,False
7,2013-kt-phase,2013-kt-phase,2013,Kosterlitz-Thouless phase transition and re-entrance in an anisotropic three-state Potts model on the generalized kagome lattice,academic/wiki/papers/D007-2013-kt-phase,6,26,0,0.1875,109,11,0.100917431193,83,0,0,0,0,0,0,0,0,False
8,2014-husimi,2014-husimi,2014,"Featureless quantum spin liquid, 1-magnetization plateau state, and exotic thermodynamic properties of the spin-1 frustrated Heisenberg antiferromagnet on an infinite Husimi lattice",academic/wiki/papers/D008-2014-husimi,5,11,0,0.3125,120,13,0.108333333333,109,0,0,0,0,0,0,0,0,False
9,2016-aop-physreve93053310,2016-aop-physreve93053310,2016,Ab initio optimization principle for the ground states of translationally invariant strongly correlated quantum lattice models,academic/wiki/papers/D009-2016-aop-physreve93053310,7,17,0,0.291666666667,137,17,0.124087591241,120,0,0,0,0,0,0,0,0,False
10,2015-sierpinskie2015-60745-5,2015-sierpinskie2015-60745-5,2016,Phase diagram and exotic spin-spin correlations of anisotropic Ising model on the Sierpi´nski gasket,academic/wiki/papers/D010-2015-sierpinskie2015-60745-5,6,12,0,0.333333333333,149,18,0.120805369128,137,0,0,0,0,0,0,0,0,False
11,2017-ptdmrgphysrevb95064110,2017-ptdmrgphysrevb95064110,2017,Efficient perturbation theory to improve the density matrix renormalization group,academic/wiki/papers/D011-2017-ptdmrgphysrevb95064110,4,7,0,0.363636363636,156,20,0.128205128205,149,0,0,0,0,0,0,0,0,False
12,2017-octa-kagome,2017-octa-kagome,2017,Fermionic algebraic quantum spin liquid in an octa-kagome frustrated antiferromagnet,academic/wiki/papers/D012-2017-octa-kagome,6,13,0,0.315789473684,169,24,0.14201183432,156,3,0.0192307692308,1,1,1,0,0,0,False
13,2017-criticality-tn-2d,2017-criticality-tn-2d,2017,Criticality in two-dimensional quantum systems: Tensor network approach,academic/wiki/papers/D013-2017-criticality-tn-2d,7,24,0,0.225806451613,193,24,0.124352331606,169,1,0.00591715976331,0,0,0,0,0,0,False
14,2017-fewbody-qes-ground-states,2017-fewbody-qes-ground-states,2017,Few-body systems capture many-body physics: Tensor network approach,academic/wiki/papers/D014-2017-fewbody-qes-ground-states,1,30,1,0.0322580645161,223,24,0.107623318386,193,2,0.0103626943005,1,1,1,0,0,0,False
15,2017-cruezphysrevx7031057,2017-cruezphysrevx7031057,2017,Exploring Interacting Topological Insulators with Ultracold Atoms: The Synthetic Creutz-Hubbard Model,academic/wiki/papers/D015-2017-cruezphysrevx7031057,0,15,0,0,238,24,0.100840336134,223,7,0.0313901345291,0,0,0,0,0,0,False
16,2018-kagome-chenxi,2018-kagome-chenxi,2018,Thermodynamics of spin-1/2 Kagomé Heisenberg antiferromagnet: algebraic paramagnetic liquid and finite-temperature phase diagram,academic/wiki/papers/D016-2018-kagome-chenxi,8,12,0,0.4,250,26,0.104,238,3,0.0126050420168,0,0,0,0,0,0,False
17,2018-emergent-spin-1-trimerized-valence-bond-crystal,2018-emergent-spin-1-trimerized-valence-bond-crystal,2018,Emergent spin-1 trimerized valence bond crystal in the spin- <sup>1</sup> Heisenberg model on the star lattice,academic/wiki/papers/D017-2018-emergent-spin-1-trimerized-valence-bond-crystal,6,15,0,0.285714285714,265,27,0.101886792453,250,2,0.008,0,0,0,0,0,0,False
18,2018-csw-physrevb98085111,2018-csw-physrevb98085111,2018,Controlling the phase diagram of finite spin-$\frac{1}{2}$ chains by tuning the boundary interactions,academic/wiki/papers/D018-2018-csw-physrevb98085111,1,13,0,0.0714285714286,278,27,0.0971223021583,265,2,0.00754716981132,0,0,0,0,0,0,False
19,2018-pc-epjb,2018-pc-epjb,2018,Exotic entanglement scaling of Heisenberg antiferromagnet on honeycomb lattice,academic/wiki/papers/D019-2018-pc-epjb,8,7,1,0.533333333333,286,29,0.101398601399,278,1,0.00359712230216,1,0,0,0,0,0,False
20,2018-091彭程,2018-091彭程,2019,时间矩阵乘积态理论及其应用,academic/wiki/papers/D020-2018-091彭程,5,7,0,0.416666666667,294,30,0.102040816327,286,5,0.0174825174825,3,2,2,0,0,0,False
21,2019-machine-learning-by-unitary-tensor-network-of-hierarchical-tree-structure,2019-machine-learning-by-unitary-tensor-network-of-hierarchical-tree-structure,2019,Machine learning by unitary tensor network of hierarchical tree structure,academic/wiki/papers/D021-2019-machine-learning-by-unitary-tensor-network-of-hierarchical-tree-structure,5,15,0,0.25,310,30,0.0967741935484,294,2,0.00680272108844,1,0,0,0,0,0,False
22,2019-noise-tolerant-signature-ofzntopological-order-in-quantum-many-body-states,2019-noise-tolerant-signature-ofzntopological-order-in-quantum-many-body-states,2019,Noise-tolerant signature of Z<sub>N</sub> topological order in quantum many-body states,academic/wiki/papers/D022-2019-noise-tolerant-signature-ofzntopological-order-in-quantum-many-body-states,4,10,0,0.285714285714,320,31,0.096875,310,0,0,2,1,1,0,0,0,False
23,2019-finite-temperature-qes,2019-finite-temperature-qes,2019,Efficient quantum simulation for thermodynamics of infinite-size many-body systems in arbitrary dimensions,academic/wiki/papers/D023-2019-finite-temperature-qes,11,20,0,0.354838709677,340,35,0.102941176471,320,4,0.0125,2,1,1,0,0,0,False
24,2020-paulinets-hermann,2020-paulinets-hermann,2020,Deep-neural-network solution of the electronic Schrödinger equation,academic/wiki/papers/D024-2020-paulinets-hermann,2,30,0,0.0625,370,36,0.0972972972973,340,3,0.00882352941176,3,2,2,0,0,0,False
25,2020-mps_deep_encoding_circuit,2020-mps_deep_encoding_circuit,2020,Encoding of matrix product states into quantum circuits of one- and two-qubit gates,academic/wiki/papers/D025-2020-mps_deep_encoding_circuit,2,9,0,0.181818181818,379,36,0.0949868073879,370,1,0.0027027027027,1,0,0,0,0,0,False
26,2020-sawtooth,2020-sawtooth,2020,Reentrance of the topological phase in a spin-1 frustrated Heisenberg chain,academic/wiki/papers/D026-2020-sawtooth,3,11,0,0.214285714286,390,36,0.0923076923077,379,0,0,1,0,0,0,0,0,False
27,2020-gtnc,2020-gtnc,2020,Generative tensor network classification model for supervised machine learning,academic/wiki/papers/D027-2020-gtnc,7,14,0,0.333333333333,404,39,0.0965346534653,390,0,0,1,0,0,0,0,0,False
28,2020-tsgo-tangent-space-gradient-optimization-of-tensor-network-for-machine-learning,2020-tsgo-tangent-space-gradient-optimization-of-tensor-network-for-machine-learning,2020,Tangent-space gradient optimization of tensor network for machine learning,academic/wiki/papers/D028-2020-tsgo-tangent-space-gradient-optimization-of-tensor-network-for-machine-learning,1,10,0,0.0909090909091,414,39,0.0942028985507,404,0,0,1,0,0,0,0,0,False
29,2020-tncs-physrevresearch2033293,2020-tncs-physrevresearch2033293,2020,Tensor network compressed sensing with unsupervised machine learning,academic/wiki/papers/D029-2020-tncs-physrevresearch2033293,3,19,0,0.136363636364,433,39,0.0900692840647,414,0,0,1,0,0,0,0,0,False
30,2021-qubismnet,2021-qubismnet,2021,Deep Learning Quantum States for Hamiltonian Estimation,academic/wiki/papers/D030-2021-qubismnet,4,7,0,0.363636363636,440,39,0.0886363636364,433,5,0.0115473441109,3,2,2,0,0,0,False
31,2021-adqc,2021-adqc,2021,Automatically differentiable quantum circuit for many-qubit state preparation,academic/wiki/papers/D031-2021-adqc,3,16,0,0.157894736842,456,40,0.0877192982456,440,3,0.00681818181818,1,0,0,0,0,0,False
32,2021-卢迎fgto,2021-卢迎fgto,2021,Preparation of many-body ground states by time evolution with variational microscopic magnetic fields and incomplete interactions,academic/wiki/papers/D032-2021-卢迎fgto,1,16,0,0.0588235294118,472,41,0.0868644067797,456,0,0,1,0,0,0,0,0,False
33,2021-quantum-phase-visualization,2021-quantum-phase-visualization,2021,Visualizing quantum phases and identifying quantum phase transitions by nonlinear dimensional reduction,academic/wiki/papers/D033-2021-quantum-phase-visualization,3,12,0,0.2,484,42,0.0867768595041,472,0,0,1,0,0,0,0,0,False
34,2021-virtual-configuration-binarization,2021-virtual-configuration-binarization,2021,Phase identification in many-body systems by virtual configuration binarization,academic/wiki/papers/D034-2021-virtual-configuration-binarization,4,8,0,0.333333333333,492,43,0.0873983739837,484,0,0,1,0,0,0,0,0,False
35,2021-光量子分类器,2021-光量子分类器,2021,Experimental realization of a quantum image classifier via tensor-network-based machine learning,academic/wiki/papers/D035-2021-光量子分类器,4,12,0,0.25,505,44,0.0871287128713,492,0,0,1,0,0,0,0,0,False
36,2021-mpnn,2021-mpnn,2021,Predicting quantum potentials by deep neural network and metropolis sampling,academic/wiki/papers/D036-2021-mpnn,1,13,0,0.0714285714286,519,45,0.0867052023121,505,4,0.00792079207921,2,1,1,0,0,0,False
37,2021-entanglement-feature-extraction,2021-entanglement-feature-extraction,2021,Entanglement-Based Feature Extraction by Tensor Network Machine Learning,academic/wiki/papers/D037-2021-entanglement-feature-extraction,6,10,0,0.375,530,46,0.0867924528302,519,6,0.0115606936416,2,1,1,0,0,0,False
38,2022-cpl-tn特征选择-白生成,2022-cpl-tn特征选择-白生成,2022,Unsupervised Recognition of Informative Features via Tensor Network Machine Learning and Quantum Entanglement Variations,academic/wiki/papers/D038-2022-cpl-tn特征选择-白生成,2,12,0,0.142857142857,542,47,0.0867158671587,530,4,0.00754716981132,1,0,0,0,0,0,False
39,2022-tn-tailoring-王顶族,2022-tn-tailoring-王顶族,2022,Efficient simulation of quantum many-body thermodynamics by tailoring a zero-temperature tensor network,academic/wiki/papers/D039-2022-tn-tailoring-王顶族,4,12,0,0.25,554,47,0.0848375451264,542,3,0.00553505535055,2,1,1,0,0,0,False
40,2022-functional-mps-洪瑞,2022-functional-mps-洪瑞,2022,Functional tensor network solving many-body Schrödinger equation,academic/wiki/papers/D040-2022-functional-mps-洪瑞,6,12,0,0.333333333333,566,49,0.0865724381625,554,2,0.00361010830325,1,0,0,0,0,0,False
41,2022-rlf李伟明,2022-rlf李伟明,2022,Non-Parametric Semi-Supervised Learning in Many-Body Hilbert Space with Rescaled Logarithmic Fidelity,academic/wiki/papers/D041-2022-rlf李伟明,3,15,0,0.166666666667,582,51,0.0876288659794,566,1,0.0017667844523,1,0,0,0,0,0,False
42,2023-kagome-方大智,2023-kagome-方大智,2023,Nature of the 1/9-magnetization plateau in the spin- <sup>1</sup> kagome Heisenberg antiferromagnet,academic/wiki/papers/D042-2023-kagome-方大智,3,9,0,0.25,591,51,0.0862944162437,582,7,0.0120274914089,3,2,2,0,0,0,False
43,2023-schmidt-tns-prl,2023-schmidt-tns-prl,2023,Tensor Network Efficiently Representing Schmidt Decomposition of Quantum Many-Body States,academic/wiki/papers/D043-2023-schmidt-tns-prl,4,8,0,0.333333333333,599,53,0.0884808013356,591,8,0.0135363790186,1,0,0,0,0,0,False
44,2023-luying-quvis,2023-luying-quvis,2023,Quantum compiling with a variational instruction set for accurate and fast quantum computing,academic/wiki/papers/D044-2023-luying-quvis,0,7,0,0,606,53,0.0874587458746,599,0,0,1,0,0,0,0,0,False
45,2023-resmps,2023-resmps,2023,Residual matrix product state for machine learning,academic/wiki/papers/D045-2023-resmps,3,16,0,0.157894736842,622,53,0.0852090032154,606,0,0,1,0,0,0,0,0,False
46,2023-王顶族qes边界奇异性,2023-王顶族qes边界奇异性,2024,Boundary-induced singularity in strongly-correlated quantum systems at finite temperature,academic/wiki/papers/D046-2023-王顶族qes边界奇异性,3,11,1,0.214285714286,634,53,0.083596214511,622,3,0.0048231511254,3,1,1,0,0,0,False
47,2024-wang-eth-inhomogeneous,2024-wang-eth-inhomogeneous,2024,Eigenstate thermalization and its breakdown in quantum spin chains with inhomogeneous interactions,academic/wiki/papers/D047-2024-wang-eth-inhomogeneous,2,105,0,0.018691588785,738,53,0.0718157181572,634,2,0.00315457413249,8,0,0,0,0,0,True
48,2024-luying-entanglement-prl,2024-luying-entanglement-prl,2024,Persistent Ballistic Entanglement Spreading with Optimal Control in Quantum Spin Chains,academic/wiki/papers/D048-2024-luying-entanglement-prl,2,14,0,0.125,752,53,0.0704787234043,738,0,0,8,0,0,0,0,0,False
49,2025-ifmps-hong-rui,2025-ifmps-hong-rui,2025,Entanglement scaling and criticality of infinite-size quantum many-body systems in continuous space addressed by a tensor network approach,academic/wiki/papers/D049-2025-ifmps-hong-rui,6,12,0,0.333333333333,764,54,0.0706806282723,752,0,0,8,0,0,0,0,0,False
50,2025-adtn-nn-compression,2025-adtn-nn-compression,2025,Compressing Neural Networks Using Tensor Networks with Exponentially Fewer Variational Parameters,academic/wiki/papers/D050-2025-adtn-nn-compression,5,29,0,0.147058823529,794,56,0.0705289672544,764,1,0.00130890052356,8,0,0,0,0,0,False
51,2026-tianda-graph-qml,2026-tianda-graph-qml,2026,Unveiling the nature of graphs through quantum graphon learning,academic/wiki/papers/D051-2026-tianda-graph-qml,0,16,0,0,810,56,0.0691358024691,794,1,0.00125944584383,8,0,0,0,0,0,False
52,2026-cpb-chaos-ml,2026-cpb-chaos-ml,2026,Machine learning of chaotic characteristics in classical nonlinear dynamics using variational quantum circuit,academic/wiki/papers/D052-2026-cpb-chaos-ml,3,13,0,0.1875,824,58,0.0703883495146,810,0,0,8,0,0,0,0,0,False
53,2026-mpe-prl,2026-mpe-prl,2026,Matrix-Product Entanglement Characterizing the Optimality of State-Preparation Quantum Circuits,academic/wiki/papers/D053-2026-mpe-prl,2,8,0,0.2,832,58,0.0697115384615,824,0,0,8,0,0,0,0,0,False
54,2026-setn-zhu-hao,2026-setn-zhu-hao,2026,Statistics-encoded tensor network approach in disordered quantum many-body spin chains,academic/wiki/papers/D054-2026-setn-zhu-hao,3,19,0,0.136363636364,851,59,0.069330199765,832,0,0,8,0,0,0,0,0,False
55,2026-fdz-kagome-magnetic-platform,2026-fdz-kagome-magnetic-platform,2026,Exotic transition and reentrance on the 1/9 magnetization plateau in a spin-1/2 anisotropic kagome antiferromagnet,academic/wiki/papers/D055-2026-fdz-kagome-magnetic-platform,4,22,2,0.153846153846,872,59,0.0676605504587,851,4,0.00470035252644,10,1,1,0,0,0,False
56,2026-icomputing-qml-orthogonality,2026-icomputing-qml-orthogonality,2026,Orthogonality in Quantum-Probabilistic Machine Learning: An Investigation on Multiqubit Encoding,academic/wiki/papers/D056-2026-icomputing-qml-orthogonality,4,15,0,0.210526315789,887,60,0.0676437429538,872,11,0.0126146788991,10,1,1,0,0,0,False
