path,title,type,entity_subtype,source_type,date,status,has_raw_source,ingest_version,description
1/3平台无序相,1/3平台无序相,entity,proposition,,,current,0,0,
1/3磁化平台的稳定机制,1/3磁化平台的稳定机制,entity,proposition,,,current,0,0,
5/9平台部分有序亚铁相,5/9平台部分有序亚铁相,entity,proposition,,,current,0,0,
A. Bermudez,A. Bermudez,entity,person,,,current,0,0,
A. Piga,A. Piga,entity,person,,,current,0,0,
ADQC,自动可微量子电路automatically differentiable quantum circuit(ADQC),entity,keyword,,,current,0,0,
ADTN,自动可微张量网络automatically differentiable tensor network(ADTN),entity,keyword,,,current,0,0,
AOP,ab initio优化原理ab initio optimization principle(AOP),entity,keyword,,,current,0,0,
APL,代数顺磁液体algebraic paramagnetic liquid(APL),entity,keyword,,,current,0,0,
AlexNet,AlexNet,entity,keyword,,,current,0,0,
An-Chun Ji,An-Chun Ji,entity,person,,,current,0,0,
Andreas Weichselbaum,Andreas Weichselbaum,entity,person,,,current,0,0,
Andrew J. Ferris,Andrew J. Ferris,entity,person,,,current,0,0,
Angelo Piga,Angelo Piga,entity,person,,,current,0,0,
BDI对称类BDI symmetry class,BDI对称类BDI symmetry class,entity,keyword,,,current,0,0,
BEE,双点纠缠熵bipartite entanglement entropy(BEE),entity,keyword,,,current,0,0,
BQP仅在偏离SU(2)对称的U(1)或Z₂对称体系中显现,BQP仅在偏离SU(2)对称的U(1)或Z₂对称体系中显现,entity,proposition,,,current,0,0,
Bethe 近似,Bethe 近似,entity,keyword,,,current,0,0,
Bin Xi,Bin Xi,entity,person,,,current,0,0,
Bing-Wu Wang,Bing-Wu Wang,entity,person,,,current,0,0,
Born机,Born机,entity,keyword,,,current,0,0,
Born统计解释,Born统计解释,entity,keyword,,,current,0,0,
CFT,共形场论conformal field theory(CFT),entity,keyword,,,current,0,0,
CIFAR-10,CIFAR-10,entity,keyword,,,current,0,0,
CIFAR-100,CIFAR-100,entity,keyword,,,current,0,0,
CNN,卷积神经网络convolutional neural network(CNN),entity,keyword,,,current,0,0,
COO,正交性灾变catastrophe of orthogonality(COO),entity,keyword,,,current,0,0,
CP分解,CP分解,entity,keyword,,,current,0,0,
CQOs,耦合量子振子coupled quantum oscillators(CQOs),entity,proposition,,,current,0,0,
CSW,可控自旋链controllable spin wire(CSW),entity,keyword,,,current,0,0,
Chao Gao,Chao Gao,entity,person,,,current,0,0,
Cheng Peng,Cheng Peng,entity,person,,,current,0,0,
Chin. Phys. B,Chin. Phys. B,entity,keyword,,,current,0,0,
Cu2L1(N3)4 n,Cu2L1(N3)4 n,entity,person,,,current,0,0,
DCT,离散余弦变换discrete cosine transform(DCT),entity,keyword,,,current,0,0,
DFT,密度泛函理论密度泛函理论(DFT),entity,keyword,,,current,0,0,
DMET,密度矩阵嵌入理论density matrix embedding theory(DMET),entity,keyword,,,current,0,0,
DMF,Co(N₃)₂(bpg)·DMF_{4/3},entity,proposition,,,current,0,0,
DMFT,动力学平均场dynamical mean-field theory(DMFT),entity,keyword,,,current,0,0,
DMPSC,判别式矩阵乘积态分类器discriminative matrix product state classifier(DMPSC),entity,keyword,,,current,0,0,
DMRG,密度矩阵重整化群density matrix renormalization group(DMRG),entity,keyword,,,current,0,0,
DNN,深度神经网络deep neural network(DNN),entity,keyword,,,current,0,0,
DNN灵活性绕开赝势与不完备基组在传统QMC中的限制,DNN灵活性绕开赝势与不完备基组在传统QMC中的限制,entity,proposition,,,current,0,0,
Da-zhi Fang,Da-zhi Fang,entity,person,,,current,0,0,
Delta,工作区间0≤Delta±theta≤2J覆盖混沌与非遍历两区,entity,keyword,,,current,0,0,
Delta-theta,沿链线性变化的两端取值Delta-theta与Delta+theta,entity,keyword,,,current,0,0,
Ding Liu,Ding Liu,entity,person,,,current,0,0,
Ding-Zu Wang,Ding-Zu Wang,entity,person,,,current,0,0,
EBH,纠缠浴哈密顿量entanglement bath Hamiltonian(EBH),entity,keyword,,,current,0,0,
EPL,EPL,entity,keyword,,,current,0,0,
ESN,回声状态网络echo state network(ESN),entity,keyword,,,current,0,0,
ETH,本征态热化eigenstate thermalization(ETH),entity,keyword,,,current,0,0,
ETH矩阵元统计ETH matrix elements,ETH矩阵元统计ETH matrix elements,entity,keyword,,,current,0,0,
Emanuele Tirrito,Emanuele Tirrito,entity,person,,,current,0,0,
Eur. Phys. J. B,Eur. Phys. J. B,entity,keyword,,,current,0,0,
Exponential Machines,Exponential Machines,entity,keyword,,,current,0,0,
FC-2,FC-2,entity,keyword,,,current,0,0,
FCI,全配置相互作用方法full configuration interaction(FCI),entity,keyword,,,current,0,0,
FGTO,细粒度时间优化fine-grained time optimization(FGTO),entity,keyword,,,current,0,0,
FNO,傅里叶神经算子Fourier neural operator(FNO),entity,keyword,,,current,0,0,
FTN,函数张量网络functional tensor network(FTN),entity,keyword,,,current,0,0,
Factorization Machines,Factorization Machines,entity,keyword,,,current,0,0,
Fei Ye,Fei Ye,entity,person,,,current,0,0,
FermiNet,FermiNet,entity,keyword,,,current,0,0,
Floquet,周期旋转自旋轴Floquet工程化XXZ相互作用,entity,keyword,,,current,0,0,
Floquet工程化,Floquet工程化,entity,keyword,,,current,0,0,
Floquet驱动,Floquet驱动,entity,keyword,,,current,0,0,
Frank Noé,Frank Noé,entity,person,,,current,0,0,
Frontiers in Applied Mathematics and Statistics,Frontiers in Applied Mathematics and Statistics,entity,keyword,,,current,0,0,
GCNN,图卷积神经网络graph convolutional neural network(GCNN),entity,keyword,,,current,0,0,
GMPSC,生成式矩阵乘积态分类器generative matrix product state classifier(GMPSC),entity,keyword,,,current,0,0,
GNN,图神经网络graph neural network(GNN),entity,keyword,,,current,0,0,
GTNC,生成式张量网络分类generative tensor network classification(GTNC),entity,keyword,,,current,0,0,
Gang Su,Gang Su,entity,person,,,current,0,0,
Gromov-Wasserstein距离作为训练目标实现端到端优化,Gromov-Wasserstein距离作为训练目标实现端到端优化,entity,proposition,,,current,0,0,
Guo-Feng Zhang,Guo-Feng Zhang,entity,person,,,current,0,0,
Haldane,单态二聚体极限与Haldane链极限,entity,keyword,,,current,0,0,
Hao Zhu,Hao Zhu,entity,person,,,current,0,0,
Hao-Wei Cui,Hao-Wei Cui,entity,person,,,current,0,0,
Hartree–Fock方法,Hartree–Fock方法,entity,keyword,,,current,0,0,
IGNR,经典图生成函数学习神经网络graphon neural representation(IGNR),entity,keyword,,,current,0,0,
ITSA,虚时间扫描算法imaginary-time-sweep algorithm(ITSA),entity,keyword,,,current,0,0,
Ian P. McCulloch,Ian P. McCulloch,entity,person,,,current,0,0,
Intell. Comput.,Intell. Comput.,entity,keyword,,,current,0,0,
J. Jünemann,J. Jünemann,entity,person,,,current,0,0,
Jan Hermann,Jan Hermann,entity,person,,,current,0,0,
Jan von Delft,Jan von Delft,entity,person,,,current,0,0,
Jastrow因子,Jastrow因子,entity,keyword,,,current,0,0,
Javier Argüello-Luengo,Javier Argüello-Luengo,entity,person,,,current,0,0,
Jia-Hao Wang,Jia-Hao Wang,entity,person,,,current,0,0,
Jiaming Zhao,Jiaming Zhao,entity,person,,,current,0,0,
Jian Cui,Jian Cui,entity,person,,,current,0,0,
Jie Hu,Jie Hu,entity,person,,,current,0,0,
Jing Zhang,Jing Zhang,entity,person,,,current,0,0,
Journal of University of Chinese Academy of Sciences,Journal of University of Chinese Academy of Sciences,entity,keyword,,,current,0,0,
KT,Kosterlitz-Thouless相变Kosterlitz-Thouless phase transition(KT),entity,keyword,,,current,0,0,
Ke Li,Ke Li,entity,person,,,current,0,0,
Kun Zhang,Kun Zhang,entity,person,,,current,0,0,
Kunkun Wang,Kunkun Wang,entity,person,,,current,0,0,
LSTM,长短期记忆网络long short-term memory(LSTM),entity,keyword,,,current,0,0,
LTRG,线性化张量重正化群linearized tensor renormalization group(LTRG),entity,keyword,,,current,0,0,
LeNet-5,LeNet-5,entity,keyword,,,current,0,0,
Lei Xiao,Lei Xiao,entity,person,,,current,0,0,
M. Lewenstein,M. Lewenstein,entity,person,,,current,0,0,
M. Rizzi,M. Rizzi,entity,person,,,current,0,0,
MBL,多体局域化many-body localization(MBL),entity,keyword,,,current,0,0,
MBL相互作用模型,MBL相互作用模型,entity,keyword,,,current,0,0,
MERA,多尺度纠缠重正化拟设态multiscale entanglement renormalization ansatz(MERA),entity,keyword,,,current,0,0,
MNIST,MNIST手写数字数据集MNIST,entity,keyword,,,current,0,0,
MPD,矩阵乘积解纠缠器matrix product disentangler(MPD),entity,keyword,,,current,0,0,
MPNN,Metropolis势神经网络Metropolis potential neural network(MPNN),entity,keyword,,,current,0,0,
MPO,矩阵乘积算符matrix product operator(MPO),entity,keyword,,,current,0,0,
MPS,矩阵乘积态matrix product state(MPS),entity,keyword,,,current,0,0,
MR-CC,多参考耦合簇multi-reference coupled cluster(MR-CC),entity,keyword,,,current,0,0,
MUSCO,多尺度张量优化multiscale tensor optimization(MUSCO),entity,keyword,,,current,0,0,
Maciej Lewenstein,Maciej Lewenstein,entity,person,,,current,0,0,
Mathematics,Mathematics,entity,keyword,,,current,0,0,
Meng Wang,Meng Wang,entity,person,,,current,0,0,
Metropolis采样,Metropolis采样,entity,keyword,,,current,0,0,
NCD,网络收缩动力学network contractor dynamics(NCD),entity,keyword,,,current,0,0,
NLF,负对数保真度距离negative log-fidelity(NLF),entity,keyword,,,current,0,0,
NN-RVB,最近邻共振价键态nearest-neighbor resonating valence bond state(NN-RVB),entity,keyword,,,current,0,0,
NSSL,非参数半监督学习non-parametric semi-supervised learning(NSSL),entity,keyword,,,current,0,0,
NTD,网络Tucker分解network Tucker decomposition(NTD),entity,keyword,,,current,0,0,
NTENP化合物实验数据,NTENP化合物实验数据,entity,keyword,,,current,0,0,
New J. Phys.,New J. Phys.,entity,keyword,,,current,0,0,
Ning Xi,Ning Xi,entity,person,,,current,0,0,
Néel相,Néel相,entity,keyword,,,current,0,0,
Néel相纠缠熵随截断维度呈对数标度,Néel相纠缠熵随截断维度呈对数标度,entity,proposition,,,current,0,0,
ODTNS,面向密度张量网络态orientation-dependent tensor network state(ODTNS),entity,keyword,,,current,0,0,
OH,赫伯史密斯矿Herbertsmithite(ZnCu₃(OH)₆Cl₂),entity,keyword,,,current,0,0,
PCA,主成分分析principal component analysis(PCA),entity,keyword,,,current,0,0,
PEPO,投影纠缠对算符projected entangled pair operator(PEPO),entity,keyword,,,current,0,0,
PEPS,投影纠缠对态projected entangle pair state(PEPS),entity,keyword,,,current,0,0,
PESS,投影纠缠单纯态projected entangled simplex state(PESS),entity,keyword,,,current,0,0,
PT-DMRG,矩阵乘积态切空间微扰理论perturbation theory of the DMRG(PT-DMRG),entity,keyword,,,current,0,0,
Page,随机幺正演化下纠缠增长偏离Page值,entity,keyword,,,current,0,0,
Page值,Page值,entity,keyword,,,current,0,0,
PauliNet,用PauliNet求解电子薛定谔方程,entity,keyword,,,current,0,0,
Pei Shi,Pei Shi,entity,person,,,current,0,0,
Peng Xue,Peng Xue,entity,person,,,current,0,0,
Peng Zhang,Peng Zhang,entity,person,,,current,0,0,
Peng-Fei Zhou,Peng-Fei Zhou,entity,person,,,current,0,0,
Peter Wittek,Peter Wittek,entity,person,,,current,0,0,
Photonics Research,Photonics Research,entity,keyword,,,current,0,0,
Phys. Rev. B,Phys. Rev. B,entity,keyword,,,current,0,0,
PhysNet,PhysNet,entity,keyword,,,current,0,0,
Piotr Sierant,Piotr Sierant,entity,person,,,current,0,0,
Potts,各向异性三态Potts模型的相结构与再入现象,entity,keyword,,,current,0,0,
QES,量子纠缠模拟器quantum entanglement simulator(QES),entity,keyword,,,current,0,0,
QFT,量子傅里叶变换quantum Fourier transform(QFT),entity,keyword,,,current,0,0,
QKF,量子核函数quantum kernel function(QKF),entity,keyword,,,current,0,0,
QPNN,量子势神经网络quantum potential neural network(QPNN),entity,keyword,,,current,0,0,
QR分解,QR分解,entity,keyword,,,current,0,0,
Qing-Rong Zheng,Qing-Rong Zheng,entity,person,,,current,0,0,
Quantum Science and Technology,Quantum Science and Technology,entity,keyword,,,current,0,0,
QubismNet将Qubism图像化与CNN回归结合以估计哈密顿量物理参数,QubismNet将Qubism图像化与CNN回归结合以估计哈密顿量物理参数,entity,proposition,,,current,0,0,
RD,环简并度ring degeneracy(RD),entity,keyword,,,current,0,0,
RDM,约化密度矩阵reduced density matrix(RDM),entity,keyword,,,current,0,0,
RLF,重标度对数保真度rescaled logarithmic fidelity(RLF),entity,keyword,,,current,0,0,
RLF-NSSL,RLF-NSSL,entity,keyword,,,current,0,0,
RMT,随机矩阵理论random matrix theory(RMT),entity,keyword,,,current,0,0,
Raul Blázquez García,Raul Blázquez García,entity,person,,,current,0,0,
ResMPS与Factorization Machines及Exponential Machines的多项式展开等价性,ResMPS与Factorization Machines及Exponential Machines的多项式展开等价性,entity,proposition,,,current,0,0,
ResMPS变分参数本身是输入特征的函数,ResMPS变分参数本身是输入特征的函数,entity,proposition,,,current,0,0,
Residual matrix product state,Residual matrix product state(ResMPS),entity,keyword,,,current,0,0,
Rui Hong,Rui Hong,entity,person,,,current,0,0,
Rydberg原子阵列,Rydberg原子阵列,entity,keyword,,,current,0,0,
S.-J. Ran,S.-J. Ran,entity,person,,,current,0,0,
SEE,单点纠缠熵single-site entanglement entropy(SEE),entity,keyword,,,current,0,0,
SU(2)对称性下浴自旋成为更高总角动量SU(2)自旋,SU(2)对称性下浴自旋成为更高总角动量SU(2)自旋,entity,proposition,,,current,0,0,
SU(2)对称性投影纠缠对态,SU(2)对称性投影纠缠对态,entity,keyword,,,current,0,0,
SVD,奇异值分解singular value decomposition(SVD),entity,keyword,,,current,0,0,
SVM,支持向量机support vector machine(SVM),entity,keyword,,,current,0,0,
SWAP,多比特SWAP线路multi-qubit SWAP circuit,entity,keyword,,,current,0,0,
SchNet,SchNet,entity,keyword,,,current,0,0,
Schmidt,正定矩阵乘积态编码Schmidt系数,entity,keyword,,,current,0,0,
Schmidt分解,Schmidt分解,entity,keyword,,,current,0,0,
Schmidt系数,Schmidt系数,entity,keyword,,,current,0,0,
SciPost Phys,SciPost Phys. Core,entity,keyword,,,current,0,0,
Shao-Ming Fei,Shao-Ming Fei,entity,person,,,current,0,0,
Sheng-Chen Bai,Sheng-Chen Bai,entity,person,,,current,0,0,
Shi Ju Ran,Shi Ju Ran,entity,person,,,current,0,0,
Shi-Ju Ran,Shi-Ju Ran,entity,person,,,current,0,0,
Shou-Shu Gong,Shou-Shu Gong,entity,person,,,current,0,0,
Shuo Qi,Shuo Qi,entity,person,,,current,0,0,
Shuo Yang,Shuo Yang,entity,person,,,current,0,0,
Sierpi,Sierpiński gasket,entity,keyword,,,current,0,0,
Slater行列式,Slater行列式,entity,keyword,,,current,0,0,
Song Gao,Song Gao,entity,person,,,current,0,0,
TFIM,横向场伊辛模型transverse field Ising model(TFIM),entity,keyword,,,current,0,0,
TH,边界调谐Hamiltoniantuning Hamiltonian(TH),entity,keyword,,,current,0,0,
TIT,三角化点阵triangulated lattice(TIT),entity,keyword,,,current,0,0,
TLCC,横向光锥收缩transverse light cone contraction(TLCC),entity,keyword,,,current,0,0,
TNCS,张量网络压缩感知tensor network compressed sensing(TNCS),entity,keyword,,,current,0,0,
TNS,张量网络态tensor network state(TNS),entity,keyword,,,current,0,0,
TPDO,张量乘积密度算符tensor product density operator(TPDO),entity,keyword,,,current,0,0,
TRD,张量环分解tensor ring decomposition(TRD),entity,keyword,,,current,0,0,
TRG,张量重正化群tensor renormalization group(TRG),entity,keyword,,,current,0,0,
TSGO,切空间梯度优化tangent-space gradient optimization(TSGO),entity,keyword,,,current,0,0,
TT,张量训练tensor train(TT),entity,keyword,,,current,0,0,
TTD,张量列分解tensor-train decomposition(TTD),entity,keyword,,,current,0,0,
TTN,树张量网络tree tensor network(TTN),entity,keyword,,,current,0,0,
TVBC,自旋-1三聚化价键晶体trimerized valence bond crystal(TVBC),entity,keyword,,,current,0,0,
Tao Liu,Tao Liu,entity,person,,,current,0,0,
Trotter-Suzuki分解误差受虚时间片限制,Trotter-Suzuki分解误差受虚时间片限制,entity,proposition,,,current,0,0,
Trotter误差量级随虚时间步长的平方增长,Trotter误差量级随虚时间步长的平方增长,entity,proposition,,,current,0,0,
Tucker分解,Tucker分解,entity,keyword,,,current,0,0,
VBC,价键晶体valence bond crystal(VBC),entity,keyword,,,current,0,0,
VCB,虚拟配置二值化virtual configuration binarization(VCB),entity,keyword,,,current,0,0,
VGG-16,VGG-16,entity,keyword,,,current,0,0,
VQC,变分量子电路variational quantum circuit(VQC),entity,keyword,,,current,0,0,
Wei Li,Wei Li,entity,person,,,current,0,0,
Wei Yi,Wei Yi,entity,person,,,current,0,0,
Wei-Ming Li,Wei-Ming Li,entity,person,,,current,0,0,
Wen-Jun Li,Wen-Jun Li,entity,person,,,current,0,0,
Wenbo Qiao,Wenbo Qiao,entity,person,,,current,0,0,
Wilson比Wilson ratio,Wilson比Wilson ratio,entity,proposition,,,current,0,0,
XXZ,强梯度非遍历区行为与均匀可积XXZ链不同,entity,keyword,,,current,0,0,
XY链XY chain,XY链XY chain,entity,keyword,,,current,0,0,
XY链基态,XY链基态,entity,keyword,,,current,0,0,
Xi Chen,Xi Chen,entity,person,,,current,0,0,
Xiao Zhang,Xiao Zhang,entity,person,,,current,0,0,
Xiao-Han Wang,Xiao-Han Wang,entity,person,,,current,0,0,
Xin Yan,Xin Yan,entity,person,,,current,0,0,
Xinran Ma,Xinran Ma,entity,person,,,current,0,0,
Ya-Xuan Xiao,Ya-Xuan Xiao,entity,person,,,current,0,0,
Yang Zhao,Yang Zhao,entity,person,,,current,0,0,
Ye-Ming Meng,Ye-Ming Meng,entity,person,,,current,0,0,
Yi-Cheng Tang,Yi-Cheng Tang,entity,person,,,current,0,0,
Yi-Zhen Huang,Yi-Zhen Huang,entity,person,,,current,0,0,
Ying Lu,Ying Lu,entity,person,,,current,0,0,
Yong Qing,Yong Qing,entity,person,,,current,0,0,
Yuan Yang,Yuan Yang,entity,person,,,current,0,0,
Yuan-Yuan Zhu,Yuan-Yuan Zhu,entity,person,,,current,0,0,
Yue-Min Li,Yue-Min Li,entity,person,,,current,0,0,
Yuhan Liu,Yuhan Liu,entity,person,,,current,0,0,
Z. C. Tu,Z. C. Tu,entity,person,,,current,0,0,
ZFnet,ZFnet,entity,keyword,,,current,0,0,
Z_N内禀拓扑态,Z_N内禀拓扑态,entity,keyword,,,current,0,0,
Z_N拓扑序,Z_N拓扑序,entity,keyword,,,current,0,0,
Zeno Schätzle,Zeno Schätzle,entity,person,,,current,0,0,
Zhe Zhang,Zhe Zhang,entity,person,,,current,0,0,
Zheng-Zhi Sun,Zheng-Zhi Sun,entity,person,,,current,0,0,
Zhengchuan Wang,Zhengchuan Wang,entity,person,,,current,0,0,
academic/raw/references/D001-2010-distorted-kagome/paper,Phase transitions and thermodynamics of the two-dimensional Ising model on a distorted kagome lattice,raw,,official-doc,2010,current,0,0,raw-not-distributed/D001-2010-distorted-kagome/paper.md
academic/raw/references/D002-2010-ltrg/paper,Linearized Tensor Renormalization Group Algorithm for the Calculation of Thermodynamic Properties of Quantum Lattice Models,raw,,official-doc,2011,current,0,0,raw-not-distributed/D002-2010-ltrg/paper.md
academic/raw/references/D003-2012-spin-1-chain-闫/paper,"Phase diagrams, distinct conformal anomalies, and thermodynamics of spin-1 bond-alternating Heisenberg antiferromagnetic chain in magnetic fields",raw,,official-doc,2012,current,0,0,raw-not-distributed/D003-2012-spin-1-chain-闫/paper.md
academic/raw/references/D004-2012-odtns/paper,Optimized decimation of tensor networks with super-orthogonalization for two-dimensional quantum lattice models,raw,,official-doc,2012,current,0,0,raw-not-distributed/D004-2012-odtns/paper.md
academic/raw/references/D005-2014-zhaoyanghoneycombladder/paper,Honeycomb Heisenberg spin ladder: Unusual ground state and thermodynamic properties,raw,,official-doc,2013,current,0,0,raw-not-distributed/D005-2014-zhaoyanghoneycombladder/paper.md
academic/raw/references/D006-2013-ncd-physrevb88064407/paper,Theory of network contractor dynamics for exploring thermodynamic properties of two-dimensional quantum lattice models,raw,,official-doc,2013,current,0,0,raw-not-distributed/D006-2013-ncd-physrevb88064407/paper.md
academic/raw/references/D007-2013-kt-phase/paper,Kosterlitz-Thouless phase transition and re-entrance in an anisotropic three-state Potts model on the generalized kagome lattice,raw,,official-doc,2013,current,0,0,raw-not-distributed/D007-2013-kt-phase/paper.md
academic/raw/references/D008-2014-husimi/paper,"Featureless quantum spin liquid, 1-magnetization plateau state, and exotic thermodynamic properties of the spin-1 frustrated Heisenberg antiferromagnet on an infinite Husimi lattice",raw,,official-doc,2014,current,0,0,raw-not-distributed/D008-2014-husimi/paper.md
academic/raw/references/D009-2016-aop-physreve93053310/paper,Ab initio optimization principle for the ground states of translationally invariant strongly correlated quantum lattice models,raw,,official-doc,2016,current,0,0,raw-not-distributed/D009-2016-aop-physreve93053310/paper.md
academic/raw/references/D010-2015-sierpinskie2015-60745-5/paper,Phase diagram and exotic spin-spin correlations of anisotropic Ising model on the Sierpi´nski gasket,raw,,official-doc,2016,current,0,0,raw-not-distributed/D010-2015-sierpinskie2015-60745-5/paper.md
academic/raw/references/D011-2017-ptdmrgphysrevb95064110/paper,Efficient perturbation theory to improve the density matrix renormalization group,raw,,official-doc,2017,current,0,0,raw-not-distributed/D011-2017-ptdmrgphysrevb95064110/paper.md
academic/raw/references/D012-2017-octa-kagome/paper,Fermionic algebraic quantum spin liquid in an octa-kagome frustrated antiferromagnet,raw,,official-doc,2017,current,0,0,raw-not-distributed/D012-2017-octa-kagome/paper.md
academic/raw/references/D013-2017-criticality-tn-2d/paper,Criticality in two-dimensional quantum systems: Tensor network approach,raw,,official-doc,2017,current,0,0,raw-not-distributed/D013-2017-criticality-tn-2d/paper.md
academic/raw/references/D014-2017-fewbody-qes-ground-states/paper,Few-body systems capture many-body physics: Tensor network approach,raw,,official-doc,2017,current,0,0,raw-not-distributed/D014-2017-fewbody-qes-ground-states/paper.md
academic/raw/references/D015-2017-cruezphysrevx7031057/paper,Exploring Interacting Topological Insulators with Ultracold Atoms: The Synthetic Creutz-Hubbard Model,raw,,official-doc,2017,current,0,0,raw-not-distributed/D015-2017-cruezphysrevx7031057/paper.md
academic/raw/references/D016-2018-kagome-chenxi/paper,Thermodynamics of spin-1/2 Kagomé Heisenberg antiferromagnet: algebraic paramagnetic liquid and finite-temperature phase diagram,raw,,official-doc,2018,current,0,0,raw-not-distributed/D016-2018-kagome-chenxi/paper.md
academic/raw/references/D017-2018-emergent-spin-1-trimerized-valence-bond-crystal/paper,Emergent spin-1 trimerized valence bond crystal in the spin- <sup>1</sup> Heisenberg model on the star lattice,raw,,official-doc,2018,current,0,0,raw-not-distributed/D017-2018-emergent-spin-1-trimerized-valence-bond-crystal/paper.md
academic/raw/references/D018-2018-csw-physrevb98085111/paper,Controlling the phase diagram of finite spin-$\frac{1}{2}$ chains by tuning the boundary interactions,raw,,official-doc,2018,current,0,0,raw-not-distributed/D018-2018-csw-physrevb98085111/paper.md
academic/raw/references/D019-2018-pc-epjb/paper,Exotic entanglement scaling of Heisenberg antiferromagnet on honeycomb lattice,raw,,official-doc,2018,current,0,0,raw-not-distributed/D019-2018-pc-epjb/paper.md
academic/raw/references/D020-2018-091彭程/paper,时间矩阵乘积态理论及其应用,raw,,official-doc,2019,current,0,0,raw-not-distributed/D020-2018-091彭程/paper.md
academic/raw/references/D021-2019-machine-learning-by-unitary-tensor-network-of-hierarchical-tree-structure/paper,Machine learning by unitary tensor network of hierarchical tree structure,raw,,official-doc,2019,current,0,0,raw-not-distributed/D021-2019-machine-learning-by-unitary-tensor-network-of-hierarchical-tree-structure/paper.md
academic/raw/references/D022-2019-noise-tolerant-signature-ofzntopological-order-in-quantum-many-body-states/paper,Noise-tolerant signature of Z<sub>N</sub> topological order in quantum many-body states,raw,,official-doc,2019,current,0,0,raw-not-distributed/D022-2019-noise-tolerant-signature-ofzntopological-order-in-quantum-many-body-states/paper.md
academic/raw/references/D023-2019-finite-temperature-qes/paper,Efficient quantum simulation for thermodynamics of infinite-size many-body systems in arbitrary dimensions,raw,,official-doc,2019,current,0,0,raw-not-distributed/D023-2019-finite-temperature-qes/paper.md
academic/raw/references/D024-2020-paulinets-hermann/paper,Deep-neural-network solution of the electronic Schrödinger equation,raw,,official-doc,2020,current,0,0,raw-not-distributed/D024-2020-paulinets-hermann/paper.md
academic/raw/references/D025-2020-mps_deep_encoding_circuit/paper,Encoding of matrix product states into quantum circuits of one- and two-qubit gates,raw,,official-doc,2020,current,0,0,raw-not-distributed/D025-2020-mps_deep_encoding_circuit/paper.md
academic/raw/references/D026-2020-sawtooth/paper,Reentrance of the topological phase in a spin-1 frustrated Heisenberg chain,raw,,official-doc,2020,current,0,0,raw-not-distributed/D026-2020-sawtooth/paper.md
academic/raw/references/D027-2020-gtnc/paper,Generative tensor network classification model for supervised machine learning,raw,,official-doc,2020,current,0,0,raw-not-distributed/D027-2020-gtnc/paper.md
academic/raw/references/D028-2020-tsgo-tangent-space-gradient-optimization-of-tensor-network-for-machine-learning/paper,Tangent-space gradient optimization of tensor network for machine learning,raw,,official-doc,2020,current,0,0,raw-not-distributed/D028-2020-tsgo-tangent-space-gradient-optimization-of-tensor-network-for-machine-learning/paper.md
academic/raw/references/D029-2020-tncs-physrevresearch2033293/paper,Tensor network compressed sensing with unsupervised machine learning,raw,,official-doc,2020,current,0,0,raw-not-distributed/D029-2020-tncs-physrevresearch2033293/paper.md
academic/raw/references/D030-2021-qubismnet/paper,Deep Learning Quantum States for Hamiltonian Estimation,raw,,official-doc,2021,current,0,0,raw-not-distributed/D030-2021-qubismnet/paper.md
academic/raw/references/D031-2021-adqc/paper,Automatically differentiable quantum circuit for many-qubit state preparation,raw,,official-doc,2021,current,0,0,raw-not-distributed/D031-2021-adqc/paper.md
academic/raw/references/D032-2021-卢迎fgto/paper,Preparation of many-body ground states by time evolution with variational microscopic magnetic fields and incomplete interactions,raw,,official-doc,2021,current,0,0,raw-not-distributed/D032-2021-卢迎fgto/paper.md
academic/raw/references/D033-2021-quantum-phase-visualization/paper,Visualizing quantum phases and identifying quantum phase transitions by nonlinear dimensional reduction,raw,,official-doc,2021,current,0,0,raw-not-distributed/D033-2021-quantum-phase-visualization/paper.md
academic/raw/references/D034-2021-virtual-configuration-binarization/paper,Phase identification in many-body systems by virtual configuration binarization,raw,,official-doc,2021,current,0,0,raw-not-distributed/D034-2021-virtual-configuration-binarization/paper.md
academic/raw/references/D035-2021-光量子分类器/paper,Experimental realization of a quantum image classifier via tensor-network-based machine learning,raw,,official-doc,2021,current,0,0,raw-not-distributed/D035-2021-光量子分类器/paper.md
academic/raw/references/D036-2021-mpnn/paper,Predicting quantum potentials by deep neural network and metropolis sampling,raw,,official-doc,2021,current,0,0,raw-not-distributed/D036-2021-mpnn/paper.md
academic/raw/references/D037-2021-entanglement-feature-extraction/paper,Entanglement-Based Feature Extraction by Tensor Network Machine Learning,raw,,official-doc,2021,current,0,0,raw-not-distributed/D037-2021-entanglement-feature-extraction/paper.md
academic/raw/references/D038-2022-cpl-tn特征选择-白生成/paper,Unsupervised Recognition of Informative Features via Tensor Network Machine Learning and Quantum Entanglement Variations,raw,,official-doc,2022,current,0,0,raw-not-distributed/D038-2022-cpl-tn特征选择-白生成/paper.md
academic/raw/references/D039-2022-tn-tailoring-王顶族/paper,Efficient simulation of quantum many-body thermodynamics by tailoring a zero-temperature tensor network,raw,,official-doc,2022,current,0,0,raw-not-distributed/D039-2022-tn-tailoring-王顶族/paper.md
academic/raw/references/D040-2022-functional-mps-洪瑞/paper,Functional tensor network solving many-body Schrödinger equation,raw,,official-doc,2022,current,0,0,raw-not-distributed/D040-2022-functional-mps-洪瑞/paper.md
academic/raw/references/D041-2022-rlf李伟明/paper,Non-Parametric Semi-Supervised Learning in Many-Body Hilbert Space with Rescaled Logarithmic Fidelity,raw,,official-doc,2022,current,0,0,raw-not-distributed/D041-2022-rlf李伟明/paper.md
academic/raw/references/D042-2023-kagome-方大智/paper,Nature of the 1/9-magnetization plateau in the spin- <sup>1</sup> kagome Heisenberg antiferromagnet,raw,,official-doc,2023,current,0,0,raw-not-distributed/D042-2023-kagome-方大智/paper.md
academic/raw/references/D043-2023-schmidt-tns-prl/paper,Tensor Network Efficiently Representing Schmidt Decomposition of Quantum Many-Body States,raw,,official-doc,2023,current,0,0,raw-not-distributed/D043-2023-schmidt-tns-prl/paper.md
academic/raw/references/D044-2023-luying-quvis/paper,Quantum compiling with a variational instruction set for accurate and fast quantum computing,raw,,official-doc,2023,current,0,0,raw-not-distributed/D044-2023-luying-quvis/paper.md
academic/raw/references/D045-2023-resmps/paper,Residual matrix product state for machine learning,raw,,official-doc,2023,current,0,0,raw-not-distributed/D045-2023-resmps/paper.md
academic/raw/references/D046-2023-王顶族qes边界奇异性/paper,Boundary-induced singularity in strongly-correlated quantum systems at finite temperature,raw,,official-doc,2023,current,0,0,raw-not-distributed/D046-2023-王顶族qes边界奇异性/paper.md
academic/raw/references/D047-2024-wang-eth-inhomogeneous/paper,Eigenstate thermalization and its breakdown in quantum spin chains with inhomogeneous interactions,raw,,official-doc,2024,current,0,0,raw-not-distributed/D047-2024-wang-eth-inhomogeneous/paper.md
academic/raw/references/D048-2024-luying-entanglement-prl/paper,Persistent Ballistic Entanglement Spreading with Optimal Control in Quantum Spin Chains,raw,,official-doc,2024,current,0,0,raw-not-distributed/D048-2024-luying-entanglement-prl/paper.md
academic/raw/references/D049-2025-ifmps-hong-rui/paper,Entanglement scaling and criticality of infinite-size quantum many-body systems in continuous space addressed by a tensor network approach,raw,,official-doc,2025,current,0,0,raw-not-distributed/D049-2025-ifmps-hong-rui/paper.md
academic/raw/references/D050-2025-adtn-nn-compression/paper,Compressing Neural Networks Using Tensor Networks with Exponentially Fewer Variational Parameters,raw,,official-doc,2025,current,0,0,raw-not-distributed/D050-2025-adtn-nn-compression/paper.md
academic/raw/references/D051-2026-tianda-graph-qml/paper,Unveiling the nature of graphs through quantum graphon learning,raw,,official-doc,2026,current,0,0,raw-not-distributed/D051-2026-tianda-graph-qml/paper.md
academic/raw/references/D052-2026-cpb-chaos-ml/paper,Machine learning of chaotic characteristics in classical nonlinear dynamics using variational quantum circuit,raw,,official-doc,2026,current,0,0,raw-not-distributed/D052-2026-cpb-chaos-ml/paper.md
academic/raw/references/D053-2026-mpe-prl/paper,Matrix-Product Entanglement Characterizing the Optimality of State-Preparation Quantum Circuits,raw,,official-doc,2026,current,0,0,raw-not-distributed/D053-2026-mpe-prl/paper.md
academic/raw/references/D054-2026-setn-zhu-hao/paper,Statistics-encoded tensor network approach in disordered quantum many-body spin chains,raw,,official-doc,2026,current,0,0,raw-not-distributed/D054-2026-setn-zhu-hao/paper.md
academic/raw/references/D055-2026-fdz-kagome-magnetic-platform/paper,Exotic transition and reentrance on the 1/9 magnetization plateau in a spin-1/2 anisotropic kagome antiferromagnet,raw,,official-doc,2026,current,0,0,raw-not-distributed/D055-2026-fdz-kagome-magnetic-platform/paper.md
academic/raw/references/D056-2026-icomputing-qml-orthogonality/paper,Orthogonality in Quantum-Probabilistic Machine Learning: An Investigation on Multiqubit Encoding,raw,,official-doc,2026,current,0,0,raw-not-distributed/D056-2026-icomputing-qml-orthogonality/paper.md
academic/wiki/hubs/Heisenberg 反铁磁模型,Heisenberg 反铁磁模型,hub,,,,active,0,0,各向同性 Heisenberg 反铁磁模型及其在蜂窝格等二维晶格上的自旋-1/2 实现与基态研究。
academic/wiki/hubs/PEPS 与 iPEPS 更新方法,PEPS 与 iPEPS 更新方法,hub,,,,active,0,0,以投影纠缠对态（PEPS/iPEPS）及 full update、cluster update 为核心的二维张量网络表示与优化方法。
academic/wiki/hubs/PEPS/PESS 表示及高维推广,PEPS/PESS 表示及高维推广,hub,,,,active,0,0,投影纠缠对态（PEPS/iPEPS）、投影纠缠单纯态（PESS）及其全更新和高维推广框架。
academic/wiki/hubs/msQFM 及其编码方案,msQFM 及其编码方案,hub,,,,active,0,0,多自旋量子特征映射（msQFM）、msQFM-copy、msQFM-binary 及其在张量网络机器学习中的编码策略。
academic/wiki/hubs/一维量子自旋链与基态,一维量子自旋链与基态,hub,,,,active,0,0,一维强关联自旋模型及 XY 链、自旋-1 锯齿链等具体量子链的基态与相结构。
academic/wiki/hubs/二维量子多体系统与临界性,二维量子多体系统与临界性,hub,,,,active,0,0,二维量子多体模型的基态、临界行为及其纠缠谱等结构性诊断。
academic/wiki/hubs/价键固体与价键晶体,价键固体与价键晶体,hub,,,,active,0,0,价键固体/价键晶体（VBS/VBC）及二聚化、三聚化价键晶体等空间对称性破缺相。
academic/wiki/hubs/关联长度与最近邻关联诊断,关联长度与最近邻关联诊断,hub,,,,active,0,0,关联长度、最近邻关联及其奇异行为对量子多体系统相变与临界结构的诊断。
academic/wiki/hubs/多参考 Hartree–Fock 与耦合簇方法,多参考 Hartree–Fock 与耦合簇方法,hub,,,,active,0,0,面向强关联电子结构的 Hartree–Fock、多参考构造与多参考耦合簇（MR-CC）方法。
academic/wiki/hubs/局域与双体纠缠熵及面积律,局域与双体纠缠熵及面积律,hub,,,,active,0,0,单点纠缠熵（SEE）、双体纠缠熵（BEE）、准纠缠熵及纠缠熵面积律的定义、提取与物理诊断。
academic/wiki/hubs/张量网络方法与机器学习,张量网络方法与机器学习,hub,,,,active,0,0,变分张量网络算法、通用张量网络方法及其在机器学习模型与任务中的应用。
academic/wiki/hubs/张量重正化群及可微变体,张量重正化群及可微变体,hub,,,,active,0,0,张量重正化群（TRG）、线性化 TRG（LTRG）与可微张量重正化群（∂TRG）的收缩、优化与应用。
academic/wiki/hubs/拓扑纠缠熵与 Rényi 诊断,拓扑纠缠熵与 Rényi 诊断,hub,,,,active,0,0,用拓扑纠缠熵、拓扑 Rényi 熵及相关准纠缠熵信号识别拓扑有序与量子多体态结构。
academic/wiki/hubs/神经网络求解电子薛定谔方程,神经网络求解电子薛定谔方程,hub,,,,active,0,0,以 PauliNet 等神经量子态方法求解、反演单电子与多电子薛定谔方程。
academic/wiki/hubs/纠缠熵与纠缠谱诊断,纠缠熵与纠缠谱诊断,hub,,,,active,0,0,以纠缠熵、准纠缠熵和纠缠谱（含边界态纠缠谱）表征量子态、相与边界结构的诊断方法。
academic/wiki/hubs/量子与变分蒙特卡洛方法,量子与变分蒙特卡洛方法,hub,,,,active,0,0,量子蒙特卡洛、变分蒙特卡洛及其随机采样技术在量子多体计算中的方法与应用。
academic/wiki/hubs/量子格点模型的晶格几何,量子格点模型的晶格几何,hub,,,,active,0,0,用于量子格点与多体模型的蜂窝、checkerboard、简单立方和 Bethe 等晶格几何及网络结构。
academic/wiki/hubs/量子自旋模型与自旋液体,量子自旋模型与自旋液体,hub,,,,active,0,0,量子自旋模型中的二维量子自旋液体、费米型代数自旋液体及相关强关联基态。
academic/wiki/papers/D001-2010-distorted-kagome,Phase transitions and thermodynamics of the two-dimensional Ising model on a distorted kagome lattice,page,,official-doc,2010,current,1,5,
academic/wiki/papers/D002-2010-ltrg,Linearized Tensor Renormalization Group Algorithm for the Calculation of Thermodynamic Properties of Quantum Lattice Models,page,,official-doc,2011,current,1,5,
academic/wiki/papers/D003-2012-spin-1-chain-闫,"Phase diagrams, distinct conformal anomalies, and thermodynamics of spin-1 bond-alternating Heisenberg antiferromagnetic chain in magnetic fields",page,,official-doc,2012,current,1,5,
academic/wiki/papers/D004-2012-odtns,Optimized decimation of tensor networks with super-orthogonalization for two-dimensional quantum lattice models,page,,official-doc,2012,current,1,5,
academic/wiki/papers/D005-2014-zhaoyanghoneycombladder,Honeycomb Heisenberg spin ladder: Unusual ground state and thermodynamic properties,page,,official-doc,2013,current,1,5,
academic/wiki/papers/D006-2013-ncd-physrevb88064407,Theory of network contractor dynamics for exploring thermodynamic properties of two-dimensional quantum lattice models,page,,official-doc,2013,current,1,5,
academic/wiki/papers/D007-2013-kt-phase,Kosterlitz-Thouless phase transition and re-entrance in an anisotropic three-state Potts model on the generalized kagome lattice,page,,official-doc,2013,current,1,5,
academic/wiki/papers/D008-2014-husimi,"Featureless quantum spin liquid, 1-magnetization plateau state, and exotic thermodynamic properties of the spin-1 frustrated Heisenberg antiferromagnet on an infinite Husimi lattice",page,,official-doc,2014,current,1,5,
academic/wiki/papers/D009-2016-aop-physreve93053310,Ab initio optimization principle for the ground states of translationally invariant strongly correlated quantum lattice models,page,,official-doc,2016,current,1,5,
academic/wiki/papers/D010-2015-sierpinskie2015-60745-5,Phase diagram and exotic spin-spin correlations of anisotropic Ising model on the Sierpi´nski gasket,page,,official-doc,2016,current,1,5,
academic/wiki/papers/D011-2017-ptdmrgphysrevb95064110,Efficient perturbation theory to improve the density matrix renormalization group,page,,official-doc,2017,current,1,5,
academic/wiki/papers/D012-2017-octa-kagome,Fermionic algebraic quantum spin liquid in an octa-kagome frustrated antiferromagnet,page,,official-doc,2017,current,1,5,
academic/wiki/papers/D013-2017-criticality-tn-2d,Criticality in two-dimensional quantum systems: Tensor network approach,page,,official-doc,2017,current,1,5,
academic/wiki/papers/D014-2017-fewbody-qes-ground-states,Few-body systems capture many-body physics: Tensor network approach,page,,official-doc,2017,current,1,5,
academic/wiki/papers/D015-2017-cruezphysrevx7031057,Exploring Interacting Topological Insulators with Ultracold Atoms: The Synthetic Creutz-Hubbard Model,page,,official-doc,2017,current,1,5,
academic/wiki/papers/D016-2018-kagome-chenxi,Thermodynamics of spin-1/2 Kagomé Heisenberg antiferromagnet: algebraic paramagnetic liquid and finite-temperature phase diagram,page,,official-doc,2018,current,1,5,
academic/wiki/papers/D017-2018-emergent-spin-1-trimerized-valence-bond-crystal,Emergent spin-1 trimerized valence bond crystal in the spin- <sup>1</sup> Heisenberg model on the star lattice,page,,official-doc,2018,current,1,5,
academic/wiki/papers/D018-2018-csw-physrevb98085111,Controlling the phase diagram of finite spin-$\frac{1}{2}$ chains by tuning the boundary interactions,page,,official-doc,2018,current,1,5,
academic/wiki/papers/D019-2018-pc-epjb,Exotic entanglement scaling of Heisenberg antiferromagnet on honeycomb lattice,page,,official-doc,2018,current,1,5,
academic/wiki/papers/D020-2018-091彭程,时间矩阵乘积态理论及其应用,page,,official-doc,2019,current,1,5,
academic/wiki/papers/D021-2019-machine-learning-by-unitary-tensor-network-of-hierarchical-tree-structure,Machine learning by unitary tensor network of hierarchical tree structure,page,,official-doc,2019,current,1,5,
academic/wiki/papers/D022-2019-noise-tolerant-signature-ofzntopological-order-in-quantum-many-body-states,Noise-tolerant signature of Z<sub>N</sub> topological order in quantum many-body states,page,,official-doc,2019,current,1,5,
academic/wiki/papers/D023-2019-finite-temperature-qes,Efficient quantum simulation for thermodynamics of infinite-size many-body systems in arbitrary dimensions,page,,official-doc,2019,current,1,5,
academic/wiki/papers/D024-2020-paulinets-hermann,Deep-neural-network solution of the electronic Schrödinger equation,page,,official-doc,2020,current,1,5,
academic/wiki/papers/D025-2020-mps_deep_encoding_circuit,Encoding of matrix product states into quantum circuits of one- and two-qubit gates,page,,official-doc,2020,current,1,5,
academic/wiki/papers/D026-2020-sawtooth,Reentrance of the topological phase in a spin-1 frustrated Heisenberg chain,page,,official-doc,2020,current,1,5,
academic/wiki/papers/D027-2020-gtnc,Generative tensor network classification model for supervised machine learning,page,,official-doc,2020,current,1,5,
academic/wiki/papers/D028-2020-tsgo-tangent-space-gradient-optimization-of-tensor-network-for-machine-learning,Tangent-space gradient optimization of tensor network for machine learning,page,,official-doc,2020,current,1,5,
academic/wiki/papers/D029-2020-tncs-physrevresearch2033293,Tensor network compressed sensing with unsupervised machine learning,page,,official-doc,2020,current,1,5,
academic/wiki/papers/D030-2021-qubismnet,Deep Learning Quantum States for Hamiltonian Estimation,page,,official-doc,2021,current,1,5,
academic/wiki/papers/D031-2021-adqc,Automatically differentiable quantum circuit for many-qubit state preparation,page,,official-doc,2021,current,1,5,
academic/wiki/papers/D032-2021-卢迎fgto,Preparation of many-body ground states by time evolution with variational microscopic magnetic fields and incomplete interactions,page,,official-doc,2021,current,1,5,
academic/wiki/papers/D033-2021-quantum-phase-visualization,Visualizing quantum phases and identifying quantum phase transitions by nonlinear dimensional reduction,page,,official-doc,2021,current,1,5,
academic/wiki/papers/D034-2021-virtual-configuration-binarization,Phase identification in many-body systems by virtual configuration binarization,page,,official-doc,2021,current,1,5,
academic/wiki/papers/D035-2021-光量子分类器,Experimental realization of a quantum image classifier via tensor-network-based machine learning,page,,official-doc,2021,current,1,5,
academic/wiki/papers/D036-2021-mpnn,Predicting quantum potentials by deep neural network and metropolis sampling,page,,official-doc,2021,current,1,5,
academic/wiki/papers/D037-2021-entanglement-feature-extraction,Entanglement-Based Feature Extraction by Tensor Network Machine Learning,page,,official-doc,2021,current,1,5,
academic/wiki/papers/D038-2022-cpl-tn特征选择-白生成,Unsupervised Recognition of Informative Features via Tensor Network Machine Learning and Quantum Entanglement Variations,page,,official-doc,2022,current,1,5,
academic/wiki/papers/D039-2022-tn-tailoring-王顶族,Efficient simulation of quantum many-body thermodynamics by tailoring a zero-temperature tensor network,page,,official-doc,2022,current,1,5,
academic/wiki/papers/D040-2022-functional-mps-洪瑞,Functional tensor network solving many-body Schrödinger equation,page,,official-doc,2022,current,1,5,
academic/wiki/papers/D041-2022-rlf李伟明,Non-Parametric Semi-Supervised Learning in Many-Body Hilbert Space with Rescaled Logarithmic Fidelity,page,,official-doc,2022,current,1,5,
academic/wiki/papers/D042-2023-kagome-方大智,Nature of the 1/9-magnetization plateau in the spin- <sup>1</sup> kagome Heisenberg antiferromagnet,page,,official-doc,2023,current,1,5,
academic/wiki/papers/D043-2023-schmidt-tns-prl,Tensor Network Efficiently Representing Schmidt Decomposition of Quantum Many-Body States,page,,official-doc,2023,current,1,5,
academic/wiki/papers/D044-2023-luying-quvis,Quantum compiling with a variational instruction set for accurate and fast quantum computing,page,,official-doc,2023,current,1,5,
academic/wiki/papers/D045-2023-resmps,Residual matrix product state for machine learning,page,,official-doc,2023,current,1,5,
academic/wiki/papers/D046-2023-王顶族qes边界奇异性,Boundary-induced singularity in strongly-correlated quantum systems at finite temperature,page,,official-doc,2023,current,1,5,
academic/wiki/papers/D047-2024-wang-eth-inhomogeneous,Eigenstate thermalization and its breakdown in quantum spin chains with inhomogeneous interactions,page,,official-doc,2024,current,1,5,
academic/wiki/papers/D048-2024-luying-entanglement-prl,Persistent Ballistic Entanglement Spreading with Optimal Control in Quantum Spin Chains,page,,official-doc,2024,current,1,5,
academic/wiki/papers/D049-2025-ifmps-hong-rui,Entanglement scaling and criticality of infinite-size quantum many-body systems in continuous space addressed by a tensor network approach,page,,official-doc,2025,current,1,5,
academic/wiki/papers/D050-2025-adtn-nn-compression,Compressing Neural Networks Using Tensor Networks with Exponentially Fewer Variational Parameters,page,,official-doc,2025,current,1,5,
academic/wiki/papers/D051-2026-tianda-graph-qml,Unveiling the nature of graphs through quantum graphon learning,page,,official-doc,2026,current,1,5,
academic/wiki/papers/D052-2026-cpb-chaos-ml,Machine learning of chaotic characteristics in classical nonlinear dynamics using variational quantum circuit,page,,official-doc,2026,current,1,5,
academic/wiki/papers/D053-2026-mpe-prl,Matrix-Product Entanglement Characterizing the Optimality of State-Preparation Quantum Circuits,page,,official-doc,2026,current,1,5,
academic/wiki/papers/D054-2026-setn-zhu-hao,Statistics-encoded tensor network approach in disordered quantum many-body spin chains,page,,official-doc,2026,current,1,5,
academic/wiki/papers/D055-2026-fdz-kagome-magnetic-platform,Exotic transition and reentrance on the 1/9 magnetization plateau in a spin-1/2 anisotropic kagome antiferromagnet,page,,official-doc,2026,current,1,5,
academic/wiki/papers/D056-2026-icomputing-qml-orthogonality,Orthogonality in Quantum-Probabilistic Machine Learning: An Investigation on Multiqubit Encoding,page,,official-doc,2026,current,1,5,
backflow变换,backflow变换,entity,keyword,,,current,0,0,
c=1自由玻色共形场论,c=1自由玻色共形场论,entity,keyword,,,current,0,0,
checkerboard格子,checkerboard格子,entity,keyword,,,current,0,0,
dropout,含非线性激活与dropout的ResMPS(aResMPS),entity,keyword,,,current,0,0,
full update,无限投影纠缠对态的完全更新full update,entity,keyword,,,current,0,0,
honeycomb,honeycomb格子最近邻共振价键态,entity,keyword,,,current,0,0,
honeycomb格子,honeycomb格子,entity,keyword,,,current,0,0,
h–T 平面有限温相图,h–T 平面有限温相图,entity,proposition,,,current,0,0,
h–T 平面相图,h–T 平面相图,entity,keyword,,,current,0,0,
initio optimization principle,ab initio optimization principle,entity,keyword,,,current,0,0,
kagome格点,kagome格点,entity,keyword,,,current,0,0,
k均值聚类k-means,k均值聚类k-means,entity,keyword,,,current,0,0,
msQFM,msQFM,entity,keyword,,,current,0,0,
msQFM-binary,msQFM-binary,entity,keyword,,,current,0,0,
msQFM-binary编码方案,msQFM-binary编码方案,entity,proposition,,,current,0,0,
msQFM-copy,msQFM-copy,entity,keyword,,,current,0,0,
msQFM-copy编码方案,msQFM-copy编码方案,entity,proposition,,,current,0,0,
qubit-efficient scheme,qubit-efficient scheme,entity,keyword,,,current,0,0,
q稀疏度必要性,q稀疏度必要性,entity,keyword,,,current,0,0,
ribbon算符,ribbon算符,entity,keyword,,,current,0,0,
sigma,单原子寻址调制sigma_i^z sigma_{i+1}^z项上的线性梯度,entity,keyword,,,current,0,0,
spin-,自旋-1/2双腿蜂窝自旋梯spin-1/2 two-leg honeycomb spin ladder,entity,keyword,,,current,0,0,
statistics-encoded tensor network,statistics-encoded tensor network(SeTN),entity,keyword,,,current,0,0,
t-SNE,t-SNE,entity,keyword,,,current,0,0,
worm update,连续时间世界线量子蒙特卡罗worm update,entity,keyword,,,current,0,0,
zig-zag路径优化,zig-zag路径优化,entity,keyword,,,current,0,0,
χ-MPE标度行为判定电路深度最优性,χ-MPE标度行为判定电路深度最优性,entity,proposition,,,current,0,0,
一步前向预测,一步前向预测one-step forward prediction,entity,keyword,,,current,0,0,
一维XY自旋链,一维XY自旋链,entity,keyword,,,current,0,0,
一维光晶格两内态超冷费米原子实验方案,一维光晶格两内态超冷费米原子实验方案,entity,proposition,,,current,0,0,
一维共形场论中心荷,一维共形场论中心荷,entity,keyword,,,current,0,0,
一维强关联自旋模型的基态,一维强关联自旋模型的基态,entity,keyword,,,current,0,0,
一维海森堡模型,一维海森堡模型,entity,keyword,,,current,0,0,
一维自旋模型,一维自旋模型,entity,keyword,,,current,0,0,
一维谐振子,一维谐振子,entity,keyword,,,current,0,0,
一维边界态有效哈密顿量,一维边界态有效哈密顿量,entity,keyword,,,current,0,0,
一般不能直接用于更新一般神经网络,一般不能直接用于更新一般神经网络,entity,proposition,,,current,0,0,
一阶Trotter分解,一阶Trotter分解,entity,keyword,,,current,0,0,
三体耦合,三体耦合,entity,keyword,,,current,0,0,
三态Potts模型无精确解,三态Potts模型无精确解,entity,proposition,,,current,0,0,
三态模型,三态Potts模型three-state Potts model,entity,keyword,,,current,0,0,
三维砖墙张量网络,三维砖墙张量网络,entity,keyword,,,current,0,0,
三维闭合张量网络,三维闭合张量网络,entity,keyword,,,current,0,0,
不具备平移对称性,不具备平移对称性,entity,proposition,,,current,0,0,
不受负符号问题困扰,不受负符号问题困扰,entity,keyword,,,current,0,0,
与动力学平均场和密度矩阵嵌入理论结合以模拟相互作用电子体系,与动力学平均场和密度矩阵嵌入理论结合以模拟相互作用电子体系,entity,proposition,,,current,0,0,
与变分量子本征求解器结合,与变分量子本征求解器结合,entity,proposition,,,current,0,0,
与图神经网络集成实现条件graphon学习,与图神经网络集成实现条件graphon学习,entity,proposition,,,current,0,0,
与张量乘积密度算符算法结合用于有限温度相变研究,与张量乘积密度算符算法结合用于有限温度相变研究,entity,proposition,,,current,0,0,
两体耦合,两体耦合,entity,keyword,,,current,0,0,
两种价键图案之间的直接相变,两种价键图案之间的直接相变,entity,keyword,,,current,0,0,
两种价键图案相变,两种价键图案相变,entity,keyword,,,current,0,0,
两类之间的分类难度,两类之间的分类难度,entity,keyword,,,current,0,0,
严格对角化,严格对角化,entity,keyword,,,current,0,0,
中心正交形式,中心正交形式central-orthogonal form,entity,keyword,,,current,0,0,
中心荷,中心荷central charge,entity,keyword,,,current,0,0,
中心荷标定,中心荷标定,entity,keyword,,,current,0,0,
中等梯度强度驱动混沌与遍历性,中等梯度强度驱动混沌与遍历性,entity,keyword,,,current,0,0,
中等梯度驱动量子混沌与遍历性,中等梯度驱动量子混沌与遍历性,entity,keyword,,,current,0,0,
临界信息精确提取受限,临界信息精确提取受限,entity,proposition,,,current,0,0,
临界指数临界指数,临界指数临界指数(critical exponent),entity,keyword,,,current,0,0,
临界点,临界点,entity,keyword,,,current,0,0,
临界点处张量难以保持临界性,临界点处张量难以保持临界性,entity,proposition,,,current,0,0,
临界量子多体系统,临界量子多体系统,entity,keyword,,,current,0,0,
主要适用于短程关联图像,主要适用于短程关联图像,entity,proposition,,,current,0,0,
二分纠缠熵上界受电路层数限制,二分纠缠熵上界受电路层数限制,entity,proposition,,,current,0,0,
二维下张量网络优化与物理量提取仍十分困难,二维下张量网络优化与物理量提取仍十分困难,entity,proposition,,,current,0,0,
二维临界性,二维临界性,entity,keyword,,,current,0,0,
二维张量网络方法,二维张量网络方法,entity,keyword,,,current,0,0,
二维模型,二维Ising模型two-dimensional Ising model,entity,keyword,,,current,0,0,
二维经典伊辛模型,二维经典伊辛模型,entity,keyword,,,current,0,0,
二维转移网络直接粗粒化,二维转移网络直接粗粒化,entity,keyword,,,current,0,0,
二维量子多体系统,二维量子多体系统,entity,keyword,,,current,0,0,
二维量子多体系统基态临界性,二维量子多体系统基态临界性,entity,keyword,,,current,0,0,
二维量子模型,二维量子模型,entity,keyword,,,current,0,0,
二维量子模型映射为三维闭合张量网络,二维量子模型映射为三维闭合张量网络,entity,keyword,,,current,0,0,
二维量子自旋液体,二维量子自旋液体,entity,keyword,,,current,0,0,
二聚体—二聚体关联dimer-dimer correlation,二聚体—二聚体关联dimer-dimer correlation,entity,proposition,,,current,0,0,
二聚体相dimer phase,二聚体相dimer phase,entity,keyword,,,current,0,0,
二聚体相纠缠熵随截断维度呈线性标度,二聚体相纠缠熵随截断维度呈线性标度,entity,proposition,,,current,0,0,
二聚化价键晶体,二聚化价键晶体dimerized valence bond crystal,entity,keyword,,,current,0,0,
交换各向异性,交换各向异性,entity,keyword,,,current,0,0,
交换各向异性诱导的价键图案反转,交换各向异性诱导的价键图案反转,entity,proposition,,,current,0,0,
交替最小二乘算法,交替最小二乘算法,entity,keyword,,,current,0,0,
仅基于最近邻耦合,仅基于最近邻耦合,entity,proposition,,,current,0,0,
仅用少于10个量子比特实现N=24到150个自旋的基态矩阵乘积态,仅用少于10个量子比特实现N=24到150个自旋的基态矩阵乘积态,entity,proposition,,,current,0,0,
仅通过边界参数α切换有限自旋链的体能谱与纠缠谱简并结构,仅通过边界参数α切换有限自旋链的体能谱与纠缠谱简并结构,entity,proposition,,,current,0,0,
从零温无限张量网络剪裁并缝合得到有限温密度算符,从零温无限张量网络剪裁并缝合得到有限温密度算符,entity,proposition,,,current,0,0,
以L与L_LE发散作为缺乏泛化能力的指纹,以L与L_LE发散作为缺乏泛化能力的指纹,entity,proposition,,,current,0,0,
以旋转角θ确定学习率η=tanθ,以旋转角θ确定学习率η=tanθ,entity,proposition,,,current,0,0,
以无监督张量网络训练所得Born机作为生成模型,以无监督张量网络训练所得Born机作为生成模型,entity,proposition,,,current,0,0,
以温度无关少体有效哈密顿量模拟无限大系统有限温度热力学,以温度无关少体有效哈密顿量模拟无限大系统有限温度热力学,entity,proposition,,,current,0,0,
以纠缠标度区分二聚体相与Néel相,以纠缠标度区分二聚体相与Néel相,entity,proposition,,,current,0,0,
价键固体valence bond solid(VBS),价键固体valence bond solid(VBS),entity,proposition,,,current,0,0,
价键图案再进入现象,价键图案再进入现象,entity,proposition,,,current,0,0,
价键图案反转,价键图案反转,entity,keyword,,,current,0,0,
位置依赖的z-z耦合Delta_i,位置依赖的z-z耦合Delta_i,entity,keyword,,,current,0,0,
位置依赖的z-z耦合Delta_i在链两端分别取值Delta-theta与Delta+theta,位置依赖的z-z耦合Delta_i在链两端分别取值Delta-theta与Delta+theta,entity,keyword,,,current,0,0,
低秩适配,低秩适配low-rank adaptation(LoRA),entity,keyword,,,current,0,0,
余弦变换,余弦变换,entity,keyword,,,current,0,0,
依赖图像分割与矩阵变换滤波器的特征提取,依赖图像分割与矩阵变换滤波器的特征提取,entity,keyword,,,current,0,0,
保真度fidelity,保真度fidelity,entity,keyword,,,current,0,0,
保真度近乎为零,保真度近乎为零,entity,keyword,,,current,0,0,
借助PEPO等热力学张量网络方法推广到更高维度,借助PEPO等热力学张量网络方法推广到更高维度,entity,proposition,,,current,0,0,
偏振态,偏振态,entity,keyword,,,current,0,0,
偶极-偶极相互作用,偶极-偶极相互作用,entity,keyword,,,current,0,0,
偶极相互作用在约微米下提供足够强的自旋交换,偶极相互作用在r约1微米下提供足够强的自旋交换,entity,proposition,,,current,0,0,
偶极相互作用或波导介导光子交换实现跃迁,偶极相互作用或波导介导光子交换实现跃迁,entity,keyword,,,current,0,0,
偶极相互作用按衰减引入次近邻项,偶极相互作用按r^-3衰减引入次近邻项,entity,keyword,,,current,0,0,
偶极相互作用按衰减引入次近邻项的影响未在本文处理,偶极相互作用按r^-3衰减引入次近邻项的影响未在本文处理,entity,proposition,,,current,0,0,
偶极相互作用按衰减引入次近邻项的影响未处理,偶极相互作用按r^-3衰减引入次近邻项的影响未处理,entity,proposition,,,current,0,0,
偶极相互作用随主量子数以增强,偶极相互作用随主量子数n以n^4增强,entity,keyword,,,current,0,0,
偶极相互作用随主量子数以增强提供强自旋交换,偶极相互作用随主量子数n以n^4增强提供强自旋交换,entity,keyword,,,current,0,0,
像素质标签,像素质标签pixel labeling,entity,keyword,,,current,0,0,
光晶格超冷原子,光晶格超冷原子,entity,keyword,,,current,0,0,
全局时间优化,全局时间优化,entity,keyword,,,current,0,0,
全态采样的指数加速,全态采样的指数加速,entity,proposition,,,current,0,0,
全更新无穷投影纠缠对态,全更新无穷投影纠缠对态infinite projected entangled pair state(iPEPS),entity,keyword,,,current,0,0,
八角笼目晶格,八角—笼目晶格octa-kagome lattice,entity,keyword,,,current,0,0,
共形场论中心荷,共形场论中心荷central charge of conformal field theory,entity,keyword,,,current,0,0,
共形场论标度律推广,共形场论标度律推广,entity,keyword,,,current,0,0,
关联长度,关联长度correlation length,entity,keyword,,,current,0,0,
关联长度关联长度,关联长度关联长度(correlation length),entity,keyword,,,current,0,0,
关联长度奇异性,关联长度奇异性,entity,keyword,,,current,0,0,
内禀拓扑序,内禀拓扑序,entity,keyword,,,current,0,0,
冉仕举,冉仕举,entity,person,,,current,0,0,
再入现象,再入现象,entity,keyword,,,current,0,0,
再入现象可出现在属于普适类的相之下,再入现象可出现在属于Kosterlitz-Thouless普适类的相之下,entity,proposition,,,current,0,0,
再入现象可出现在无局域序参量的相之下,再入现象可出现在无局域序参量的相之下,entity,proposition,,,current,0,0,
再入现象在q>3时消失,再入现象在q>3时消失,entity,proposition,,,current,0,0,
再进入现象,再进入现象,entity,keyword,,,current,0,0,
冷原子实验冷原子实验,冷原子实验冷原子实验(cold atom experiment),entity,keyword,,,current,0,0,
准确率低于卷积神经网络等判别式模型的最优结果,准确率低于卷积神经网络等判别式模型的最优结果,entity,proposition,,,current,0,0,
准纠缠熵,准纠缠熵quasi-entanglement entropy,entity,keyword,,,current,0,0,
几何形状与临界性、拓扑属性的严格对应关系尚未建立,几何形状与临界性、拓扑属性的严格对应关系尚未建立,entity,proposition,,,current,0,0,
几何结构,几何结构geometric structure,entity,keyword,,,current,0,0,
几何阻挫,几何阻挫,entity,keyword,,,current,0,0,
几何阻挫准一维自旋模型基态,几何阻挫准一维自旋模型基态,entity,keyword,,,current,0,0,
几何阻挫量子系统,几何阻挫量子系统,entity,keyword,,,current,0,0,
函数基替换为其他展开如Taylor级数,函数基替换为其他展开如Taylor级数,entity,proposition,,,current,0,0,
分子轨道理论,分子轨道理论,entity,keyword,,,current,0,0,
分岔图,分岔图bifurcation diagram,entity,keyword,,,current,0,0,
分布随机邻域嵌入,t分布随机邻域嵌入t-distributed stochastic neighbor embedding(t-SNE),entity,keyword,,,current,0,0,
分形格子,分形格子,entity,keyword,,,current,0,0,
分片常数函数拟合,分片常数函数拟合,entity,keyword,,,current,0,0,
分类器弱纠缠表示,分类器弱纠缠表示,entity,keyword,,,current,0,0,
初始优化原理张量网络方法,初始优化原理张量网络方法,entity,keyword,,,current,0,0,
判据,Oshikawa-Yamanaka-Affleck判据,entity,keyword,,,current,0,0,
利用更多量子比特学习更复杂graphon,利用更多量子比特学习更复杂graphon,entity,proposition,,,current,0,0,
利用砖墙结构深层张量网络表示变分参数张量,利用砖墙结构深层张量网络表示变分参数张量,entity,proposition,,,current,0,0,
利用纠缠熵评估特征重要性并丢弃低纠缠特征,利用纠缠熵评估特征重要性并丢弃低纠缠特征,entity,proposition,,,current,0,0,
利用自动微分优化深层张量网络中的张量,利用自动微分优化深层张量网络中的张量,entity,keyword,,,current,0,0,
利用被截断Schmidt数构造正交微扰基矢并重建微扰哈密顿量,利用被截断Schmidt数构造正交微扰基矢并重建微扰哈密顿量,entity,proposition,,,current,0,0,
势能反演,势能反演,entity,keyword,,,current,0,0,
势能整体平移不确定性需通过参考点约束固定,势能整体平移不确定性需通过参考点约束固定,entity,proposition,,,current,0,0,
区分可积-量子混沌-强梯度非遍历三阶段,区分可积-量子混沌-强梯度非遍历三阶段,entity,proposition,,,current,0,0,
半监督学习,半监督学习,entity,keyword,,,current,0,0,
单光子实验,单光子实验,entity,keyword,,,current,0,0,
单光子实验演示,单光子实验演示,entity,proposition,,,current,0,0,
单原子寻址调制线性梯度,单原子寻址调制线性梯度,entity,keyword,,,current,0,0,
单原子寻址调控sigma_i^z sigma_{i+1}^z 项上的线性梯度,单原子寻址调控sigma_i^z sigma_{i+1}^z 项上的线性梯度,entity,proposition,,,current,0,0,
单离子各向异性,单离子各向异性,entity,keyword,,,current,0,0,
压缩感知,压缩感知compressed sensing,entity,keyword,,,current,0,0,
参数压缩至原矩阵乘积态的约0.1%–1%,参数压缩至原矩阵乘积态的约0.1%–1%,entity,proposition,,,current,0,0,
双层蜂窝格阻挫模型,双层蜂窝格阻挫模型,entity,keyword,,,current,0,0,
双腿蜂窝自旋梯,双腿蜂窝自旋梯,entity,keyword,,,current,0,0,
反向传播,反向传播,entity,keyword,,,current,0,0,
反向传播+Adam,反向传播+Adam,entity,keyword,,,current,0,0,
反向传播优化潜门,反向传播优化潜门,entity,keyword,,,current,0,0,
反演对称性破缺,反演对称性破缺,entity,proposition,,,current,0,0,
反铁磁海森堡模型,反铁磁海森堡模型,entity,keyword,,,current,0,0,
发展更高可解释性的降维方法,发展更高可解释性的降维方法,entity,proposition,,,current,0,0,
发展量子启发技术以降低每节点对模拟时间,发展量子启发技术以降低每节点对模拟时间,entity,proposition,,,current,0,0,
发现可逆价键图案反转,发现可逆价键图案反转,entity,proposition,,,current,0,0,
发现相变边界处多可观测量同时出现奇异性,发现相变边界处多可观测量同时出现奇异性,entity,proposition,,,current,0,0,
变分原理,变分原理,entity,keyword,,,current,0,0,
变分张量网络方法,变分张量网络方法,entity,keyword,,,current,0,0,
变分磁场时间演化,变分磁场时间演化,entity,keyword,,,current,0,0,
变分蒙特卡洛,变分蒙特卡洛,entity,keyword,,,current,0,0,
可微张量重正,可微张量重正ization group(∂TRG),entity,keyword,,,current,0,0,
可微张量重正化群,可微张量重正化群differentiable tensor renormalization group(∂TRG),entity,keyword,,,current,0,0,
可积XXZ链,可积XXZ链,entity,keyword,,,current,0,0,
各向同性反铁磁模型,各向同性Heisenberg反铁磁模型,entity,keyword,,,current,0,0,
合成Creutz-Hubbard梯子模型synthetic Creutz-Hubbard ladder model,合成Creutz-Hubbard梯子模型synthetic Creutz-Hubbard ladder model,entity,proposition,,,current,0,0,
同步优化十个独立副本并定期丢弃能量最高的五个,同步优化十个独立副本并定期丢弃能量最高的五个,entity,proposition,,,current,0,0,
后续工作中处理次近邻偶极相互作用,后续工作中处理次近邻偶极相互作用,entity,proposition,,,current,0,0,
后续工作中考虑偶极相互作用引入的次近邻项影响,后续工作中考虑偶极相互作用引入的次近邻项影响,entity,proposition,,,current,0,0,
后续工作中考虑次近邻项影响,后续工作中考虑次近邻项影响,entity,proposition,,,current,0,0,
含对称性的投影纠缠对态,含SU(2)对称性的simple update投影纠缠对态,entity,keyword,,,current,0,0,
周期旋转自旋轴Floquet方式工程化XXZ相互作用,周期旋转自旋轴Floquet方式工程化XXZ相互作用,entity,keyword,,,current,0,0,
囚禁离子,囚禁离子,entity,keyword,,,current,0,0,
囚禁离子实验囚禁离子实验,囚禁离子实验囚禁离子实验(trapped ion experiment),entity,keyword,,,current,0,0,
四态模型,四态Potts模型four-state Potts model,entity,keyword,,,current,0,0,
团簇更新与完全更新存在精度-代价权衡,团簇更新与完全更新存在精度-代价权衡,entity,proposition,,,current,0,0,
图像二值化,图像二值化,entity,keyword,,,current,0,0,
图像分类,图像分类,entity,keyword,,,current,0,0,
图生成函数graphon,图生成函数graphon,entity,keyword,,,current,0,0,
圆柱几何上的密度矩阵重整化群方法,圆柱几何上的密度矩阵重整化群方法,entity,keyword,,,current,0,0,
在Fashion-MNIST上精度仍逊于堆叠卷积层的ResNet,在Fashion-MNIST上精度仍逊于堆叠卷积层的ResNet,entity,proposition,,,current,0,0,
在Rydberg原子阵列中实现线性梯度XXZ模型,在Rydberg原子阵列中实现线性梯度XXZ模型,entity,proposition,,,current,0,0,
在二维及更高维系统中发现类似拓扑再入现象,在二维及更高维系统中发现类似拓扑再入现象,entity,proposition,,,current,0,0,
在六个行列式下达或超过强关联H₁₀最优变分QMC能量,在六个行列式下达或超过强关联H₁₀最优变分QMC能量,entity,proposition,,,current,0,0,
在冷原子等平台上以O(10)格点实验实现,在冷原子等平台上以O(10)格点实验实现,entity,proposition,,,current,0,0,
在干净一维XXZ链中通过强线性梯度破坏ETH与遍历性,在干净一维XXZ链中通过强线性梯度破坏ETH与遍历性,entity,proposition,,,current,0,0,
在干净一维XXZ链中通过线性梯度诱导ETH与遍历性,在干净一维XXZ链中通过线性梯度诱导ETH与遍历性,entity,proposition,,,current,0,0,
在干净自旋链中通过强线性梯度破坏遍历性,在干净自旋链中通过强线性梯度破坏遍历性,entity,proposition,,,current,0,0,
在干净自旋链中通过线性梯度诱导遍历性,在干净自旋链中通过线性梯度诱导遍历性,entity,proposition,,,current,0,0,
在强非线性下无法保证梯度正交条件成立,在强非线性下无法保证梯度正交条件成立,entity,proposition,,,current,0,0,
在无序相互作用体系中观察到类似现象,在无序相互作用体系中观察到类似现象,entity,proposition,,,current,0,0,
在无穷大晶格上证实1/9磁化平台由价键晶体描述,在无穷大晶格上证实1/9磁化平台由价键晶体描述,entity,proposition,,,current,0,0,
在更多数据集上验证RLF相对经典核函数的优势,在更多数据集上验证RLF相对经典核函数的优势,entity,proposition,,,current,0,0,
在约微米下提供足够强的自旋交换,在r约1微米下提供足够强的自旋交换,entity,keyword,,,current,0,0,
在蜂窝梯中发现半饱和磁化平台,在蜂窝梯中发现半饱和磁化平台,entity,proposition,,,current,0,0,
在蜂窝梯中发现方型梯中不存在的强相关项,在蜂窝梯中发现方型梯中不存在的强相关项,entity,proposition,,,current,0,0,
在连续空间求解无穷大多体薛定谔方程,在连续空间求解无穷大多体薛定谔方程,entity,proposition,,,current,0,0,
在量子平台上以TN设计量子电路作为Born机实现TNCS,在量子平台上以TN设计量子电路作为Born机实现TNCS,entity,proposition,,,current,0,0,
在量子模拟/计算硬件上制备酉张量网络用于图像识别,在量子模拟/计算硬件上制备酉张量网络用于图像识别,entity,proposition,,,current,0,0,
均匀XXZ链,均匀XXZ链,entity,keyword,,,current,0,0,
均匀可积XXZ链,均匀可积XXZ链,entity,keyword,,,current,0,0,
基于数据重上传量子电路的截断傅里叶级数表达能力拟合高频graphon,基于数据重上传量子电路的截断傅里叶级数表达能力拟合高频graphon,entity,proposition,,,current,0,0,
基于深度神经网络自编码器的压缩感知方法,基于深度神经网络自编码器的压缩感知方法,entity,keyword,,,current,0,0,
基于秩1分解将配分函数无限网络收缩化为局部cell张量收缩,基于秩1分解将配分函数无限网络收缩化为局部cell张量收缩,entity,proposition,,,current,0,0,
基于纠缠熵的特征选择,基于纠缠熵的特征选择,entity,proposition,,,current,0,0,
基于超导量子电路实现更复杂任务,基于超导量子电路实现更复杂任务,entity,proposition,,,current,0,0,
基态性质强烈依赖于所选几何与边界条件,基态性质强烈依赖于所选几何与边界条件,entity,proposition,,,current,0,0,
堆叠卷积层的ResNet,堆叠卷积层的ResNet,entity,keyword,,,current,0,0,
堆积模型,堆积domino模型stacked domino model,entity,keyword,,,current,0,0,
复杂度随拷贝数H线性增长,复杂度随拷贝数H线性增长,entity,proposition,,,current,0,0,
外加磁场,外加磁场,entity,keyword,,,current,0,0,
外磁场下m=1/3磁化平台的发现,外磁场下m=1/3磁化平台的发现,entity,proposition,,,current,0,0,
外磁场下自旋笼目海森堡反铁磁体有限温热力学,外磁场下自旋-1/2 笼目海森堡反铁磁体有限温热力学,entity,keyword,,,current,0,0,
外磁场沿自旋方向调节交换各向异性,外磁场沿自旋z方向调节交换各向异性,entity,keyword,,,current,0,0,
多体希尔伯特空间,多体希尔伯特空间many-body Hilbert space,entity,keyword,,,current,0,0,
多体纠缠度量,多体纠缠度量,entity,keyword,,,current,0,0,
多体薛定谔方程,多体薛定谔方程many-body Schrödinger equation,entity,keyword,,,current,0,0,
多参考方法,多参考Hartree–Fock方法,entity,keyword,,,current,0,0,
多参考耦合簇multi-reference耦合簇(MR-CC),多参考耦合簇multi-reference耦合簇(MR-CC),entity,keyword,,,current,0,0,
多比特编码,多比特编码,entity,keyword,,,current,0,0,
多比特门逐步分解,多比特门逐步分解,entity,keyword,,,current,0,0,
多自旋量子特征映射msQFM,多自旋量子特征映射msQFM,entity,keyword,,,current,0,0,
大规模数值模拟,大规模数值模拟large-scale numerical simulation,entity,keyword,,,current,0,0,
奇异值分解重投影,奇异值分解重投影,entity,keyword,,,current,0,0,
存活概率,存活概率survival probability,entity,keyword,,,current,0,0,
存活概率快速衰减诊断遍历性,存活概率快速衰减诊断遍历性,entity,keyword,,,current,0,0,
存活概率长时间保持显著诊断非遍历性,存活概率长时间保持显著诊断非遍历性,entity,keyword,,,current,0,0,
实空间重整化群,实空间重整化群real-space renormalization group,entity,keyword,,,current,0,0,
实际测量纠缠在当前量子设备上尚不可行,实际测量纠缠在当前量子设备上尚不可行,entity,proposition,,,current,0,0,
对NTENP纵场与横场实验数据同时拟合确定材料参数,对NTENP纵场与横场实验数据同时拟合确定材料参数,entity,proposition,,,current,0,0,
对Schmidt系数与变换两侧分别用张量网络参数化,对Schmidt系数与变换两侧分别用张量网络参数化,entity,proposition,,,current,0,0,
对偶幺正模型,对偶幺正模型,entity,keyword,,,current,0,0,
对数保真度,对数保真度logarithmic fidelity,entity,keyword,,,current,0,0,
对称张量网络态,对称张量网络态symmetric tensor network state(symmetric TNS),entity,keyword,,,current,0,0,
对称类,AIII对称类AIII symmetry class,entity,keyword,,,current,0,0,
对角ETH矩阵元中心值与涨落随系统尺寸呈指数衰减,对角ETH矩阵元中心值与涨落随系统尺寸呈指数衰减,entity,keyword,,,current,0,0,
对角ETH矩阵元中心值与涨落随系统尺寸呈指数衰减诊断遍历性,对角ETH矩阵元中心值与涨落随系统尺寸呈指数衰减诊断遍历性,entity,keyword,,,current,0,0,
对角ETH矩阵元中心值与涨落随系统尺寸指数衰减诊断遍历性,对角ETH矩阵元中心值与涨落随系统尺寸指数衰减诊断遍历性,entity,keyword,,,current,0,0,
对长程关联图像效率较低,对长程关联图像效率较低,entity,proposition,,,current,0,0,
将ResMPS思路推广到Projected Entangled-Pair States,将ResMPS思路推广到Projected Entangled-Pair States,entity,proposition,,,current,0,0,
将ResMPS思路推广到Tree TN,将ResMPS思路推广到Tree TN,entity,proposition,,,current,0,0,
将Rydberg原子阵列作为实现平台,将Rydberg原子阵列作为实现平台,entity,proposition,,,current,0,0,
将Schmidt分解表示为线性复杂度张量网络,将Schmidt分解表示为线性复杂度张量网络,entity,proposition,,,current,0,0,
将变分参数量从指数级复杂度降至线性级复杂度,将变分参数量从指数级复杂度降至线性级复杂度,entity,proposition,,,current,0,0,
将图像类别编码为量子多体态,将图像类别编码为量子多体态,entity,proposition,,,current,0,0,
将多个神经网络层的参数拼接为单一张量后压缩,将多个神经网络层的参数拼接为单一张量后压缩,entity,proposition,,,current,0,0,
将多比特门逐步分解为单双比特门的编译方法,将多比特门逐步分解为单双比特门的编译方法,entity,keyword,,,current,0,0,
将梯度约束在参数向量正交的切平面上,将梯度约束在参数向量正交的切平面上,entity,proposition,,,current,0,0,
将特征联合概率分布编码为量子振幅,将特征联合概率分布编码为量子振幅,entity,proposition,,,current,0,0,
将矩阵乘积态编码为仅含单比特与双比特门的深度量子电路,将矩阵乘积态编码为仅含单比特与双比特门的深度量子电路,entity,proposition,,,current,0,0,
将矩阵积态中心张量编码为彩色图像并二值化以识别量子相变,将矩阵积态中心张量编码为彩色图像并二值化以识别量子相变,entity,proposition,,,current,0,0,
将神经网络层的变分参数编码为深层张量网络的收缩结果,将神经网络层的变分参数编码为深层张量网络的收缩结果,entity,proposition,,,current,0,0,
将能量显式纳入损失函数,将能量显式纳入损失函数,entity,proposition,,,current,0,0,
将自动可微张量网络收缩与神经网络推理合并以提高计算效率,将自动可微张量网络收缩与神经网络推理合并以提高计算效率,entity,proposition,,,current,0,0,
将自旋自由度映射到原子的两个亚稳态,将自旋自由度映射到原子的两个亚稳态,entity,keyword,,,current,0,0,
将边界控制效应应用于探测体的物性,将边界控制效应应用于探测体的物性,entity,proposition,,,current,0,0,
少体模型少体模型,少体模型少体模型(few-body model),entity,keyword,,,current,0,0,
局域磁化率,局域磁化率,entity,keyword,,,current,0,0,
局域磁化率奇异性,局域磁化率奇异性,entity,keyword,,,current,0,0,
局部幺正张量网络表示Schmidt分解变换,局部幺正张量网络表示Schmidt分解变换,entity,proposition,,,current,0,0,
局部时间优化,局部时间优化,entity,keyword,,,current,0,0,
工作区间,工作区间0≤Delta±theta≤2J,entity,keyword,,,current,0,0,
希尔伯特空间碎裂,希尔伯特空间碎裂Hilbert space shattering,entity,keyword,,,current,0,0,
干净系统中由强空间非均匀性破坏ETH,干净系统中由强空间非均匀性破坏ETH,entity,proposition,,,current,0,0,
干净系统中由强空间非均匀性重新抑制热化恢复非遍历行为,干净系统中由强空间非均匀性重新抑制热化恢复非遍历行为,entity,proposition,,,current,0,0,
干净系统中由空间非均匀性诱导ETH,干净系统中由空间非均匀性诱导ETH,entity,proposition,,,current,0,0,
干净系统中由空间非均匀性诱导量子混沌与ETH,干净系统中由空间非均匀性诱导量子混沌与ETH,entity,proposition,,,current,0,0,
平均场论证,平均场论证mean-field argument,entity,keyword,,,current,0,0,
平移不变函数矩阵乘积态,平移不变函数矩阵乘积态,entity,keyword,,,current,0,0,
平移不变性,平移不变性,entity,keyword,,,current,0,0,
广义模型,广义kagome Ising模型generalized kagome Ising model,entity,keyword,,,current,0,0,
应用于图像分割image segmentation,应用于图像分割image segmentation,entity,proposition,,,current,0,0,
应用于目标检测object detection,应用于目标检测object detection,entity,proposition,,,current,0,0,
应用于阻挫与费米子模型,应用于阻挫与费米子模型,entity,proposition,,,current,0,0,
应用于非均匀Kibble-Zurek机制研究,应用于非均匀Kibble-Zurek机制研究,entity,proposition,,,current,0,0,
建立更严格稳健的对应关系,建立更严格稳健的对应关系,entity,proposition,,,current,0,0,
引入q稀疏度刻画量子态稀疏性,引入q稀疏度刻画量子态稀疏性,entity,proposition,,,current,0,0,
引入准纠缠熵、李雅普诺夫指数和环路特征三个非局域量探测相变,引入准纠缠熵、李雅普诺夫指数和环路特征三个非局域量探测相变,entity,proposition,,,current,0,0,
引入无约束潜门作为变分参数,引入无约束潜门作为变分参数,entity,proposition,,,current,0,0,
引入更多计算机视觉技术用于多体量子态解读,引入更多计算机视觉技术用于多体量子态解读,entity,proposition,,,current,0,0,
引入混合量子-经典优化策略,引入混合量子-经典优化策略,entity,proposition,,,current,0,0,
引入量子度量刻画VQC泛化能力,引入量子度量刻画VQC泛化能力,entity,proposition,,,current,0,0,
张量网络,张量网络tensor network,entity,keyword,,,current,0,0,
张量网络剪裁,张量网络剪裁tensor network tailoring(TN tailoring),entity,keyword,,,current,0,0,
张量网络方法,张量网络方法tensor network method,entity,keyword,,,current,0,0,
张量网络机器学习,张量网络机器学习tensor network machine learning,entity,keyword,,,current,0,0,
张量网络概率模型,张量网络概率模型,entity,keyword,,,current,0,0,
张量网络版灵敏度分析,张量网络版灵敏度分析,entity,proposition,,,current,0,0,
张量网络秩-1分解,张量网络秩-1分解,entity,keyword,,,current,0,0,
张量网络算法张量网络算法,张量网络算法张量网络算法(tensor network algorithm),entity,keyword,,,current,0,0,
张量网络自洽方程固定点简并度,张量网络自洽方程固定点简并度,entity,keyword,,,current,0,0,
弹道式纠缠传播,弹道式纠缠传播,entity,keyword,,,current,0,0,
弹道式纠缠增长持续至Page值以上,弹道式纠缠增长持续至Page值以上,entity,proposition,,,current,0,0,
弹道式纠缠增长持续至饱和,弹道式纠缠增长持续至饱和,entity,keyword,,,current,0,0,
强无序MBL模型,强无序MBL模型,entity,keyword,,,current,0,0,
强无序MBL相互作用体系,强无序MBL相互作用体系,entity,keyword,,,current,0,0,
强无序重整化,强无序重整化,entity,keyword,,,current,0,0,
强梯度下重新抑制热化恢复非遍历行为,强梯度下重新抑制热化恢复非遍历行为,entity,proposition,,,current,0,0,
强梯度强度抑制遍历性,强梯度强度抑制遍历性,entity,keyword,,,current,0,0,
强梯度抑制遍历性,强梯度抑制遍历性,entity,keyword,,,current,0,0,
强梯度非遍历区非对角ETH矩阵元方差不再随能量光滑变化,强梯度非遍历区非对角ETH矩阵元方差不再随能量光滑变化,entity,keyword,,,current,0,0,
当前分析限于一维系统,当前分析限于一维系统,entity,proposition,,,current,0,0,
当前讨论适用于自旋与玻色子系统,当前讨论适用于自旋与玻色子系统,entity,proposition,,,current,0,0,
彭程,彭程,entity,person,,,current,0,0,
懒学习基线,懒学习基线lazy learning baseline,entity,keyword,,,current,0,0,
成为面向更大体系的高精度黑箱量子化学方法,成为面向更大体系的高精度黑箱量子化学方法,entity,proposition,,,current,0,0,
截断维度χ,截断维度χ,entity,keyword,,,current,0,0,
截断误差随舍弃权重引入,截断误差随舍弃权重引入,entity,proposition,,,current,0,0,
手写数字图像分类MNIST,手写数字图像分类MNIST,entity,keyword,,,current,0,0,
手写数字图像识别,手写数字图像识别handwritten digit image recognition,entity,keyword,,,current,0,0,
手性—手性关联chiral-chiral correlation,手性—手性关联chiral-chiral correlation,entity,proposition,,,current,0,0,
扭曲kagome格点上二维Ising模型的精确解与TRG数值结合,扭曲kagome格点上二维Ising模型的精确解与TRG数值结合,entity,proposition,,,current,0,0,
扭曲格点,扭曲kagome格点distorted kagome lattice,entity,keyword,,,current,0,0,
把再入现象从常规有序相推广到拓扑相,把再入现象从常规有序相推广到拓扑相,entity,proposition,,,current,0,0,
把局域无序编码进辅助层并对无序独立做平均以恢复平移不变性,把局域无序编码进辅助层并对无序独立做平均以恢复平移不变性,entity,proposition,,,current,0,0,
把无限多体系统编码为嵌入纠缠浴的少体模型,把无限多体系统编码为嵌入纠缠浴的少体模型,entity,proposition,,,current,0,0,
拓扑Renyi,拓扑Renyi,entity,keyword,,,current,0,0,
拓扑Renyi熵,拓扑Renyi熵,entity,keyword,,,current,0,0,
拓扑基态简并度,拓扑基态简并度,entity,keyword,,,current,0,0,
拓扑纠缠熵,拓扑纠缠熵,entity,keyword,,,current,0,0,
拓扑绝缘体,拓扑绝缘体topological insulator,entity,keyword,,,current,0,0,
拟合DMF磁化率并提取交换耦合常数,拟合Co(N₃)₂(bpg)·DMF_{4/3}磁化率并提取交换耦合常数,entity,proposition,,,current,0,0,
指出1/9平台存在无能隙激发并对应中心荷约为1的共形场论描述,指出1/9平台存在无能隙激发并对应中心荷约为1的共形场论描述,entity,proposition,,,current,0,0,
指出与无序体系类似现象,指出与无序体系类似现象,entity,proposition,,,current,0,0,
指出与无序体系类似的现象,指出与无序体系类似的现象,entity,proposition,,,current,0,0,
指定矩阵乘积纠缠,χ-指定矩阵乘积纠缠chi-specified matrix product entanglement(χ-MPE),entity,keyword,,,current,0,0,
按设计基态反推哈密顿量以服务量子模拟与态层析,按设计基态反推哈密顿量以服务量子模拟与态层析,entity,proposition,,,current,0,0,
探索基于量子电路实现此类机器学习方案,探索基于量子电路实现此类机器学习方案,entity,proposition,,,current,0,0,
推动量子启发的可解释无监督学习,推动量子启发的可解释无监督学习,entity,proposition,,,current,0,0,
推广到二阶以上微扰理论,推广到二阶以上微扰理论,entity,proposition,,,current,0,0,
推广到参数化模型,推广到参数化模型,entity,proposition,,,current,0,0,
推广到四维及以上维度,推广到四维及以上维度,entity,proposition,,,current,0,0,
推广到投影纠缠对态,推广到投影纠缠对态projected entangled pair states,entity,proposition,,,current,0,0,
推广到无序相互作用体系,推广到无序相互作用体系,entity,proposition,,,current,0,0,
推广到时演化块消减time-evolving block decimation(TEBD),推广到时演化块消减time-evolving block decimation(TEBD),entity,proposition,,,current,0,0,
推广到玻尔兹曼机,推广到玻尔兹曼机,entity,proposition,,,current,0,0,
推广到贝叶斯网络,推广到贝叶斯网络,entity,proposition,,,current,0,0,
推广到非厄米时间演化,推广到非厄米时间演化,entity,proposition,,,current,0,0,
推广至Rényi熵、时序外关联函数(OTOC)、自旋玻璃序参量等观测量,推广至Rényi熵、时序外关联函数(OTOC)、自旋玻璃序参量等观测量,entity,proposition,,,current,0,0,
推广至二维关联电子系统,推广至二维关联电子系统,entity,proposition,,,current,0,0,
推广至任意张量网络可表示的经典或量子格点系统,推广至任意张量网络可表示的经典或量子格点系统,entity,proposition,,,current,0,0,
推广至其他iPEPS如string-net与手性iPEPS,推广至其他iPEPS如string-net与手性iPEPS,entity,proposition,,,current,0,0,
推广至其他张量网络Ansätze,推广至其他张量网络Ansätze,entity,proposition,,,current,0,0,
推广至其他物理微分方程逆问题求解,推广至其他物理微分方程逆问题求解,entity,proposition,,,current,0,0,
推广至囚禁离子,推广至囚禁离子,entity,proposition,,,current,0,0,
推广至基于量子理论的真实数据安全通信,推广至基于量子理论的真实数据安全通信,entity,proposition,,,current,0,0,
推广至多电子薛定谔方程反演,推广至多电子薛定谔方程反演,entity,proposition,,,current,0,0,
推广至核磁共振系统,推广至核磁共振系统,entity,proposition,,,current,0,0,
推广至氮空位中心,推广至氮空位中心,entity,proposition,,,current,0,0,
推广至连续空间量子场,推广至连续空间量子场,entity,proposition,,,current,0,0,
推广至高维投影纠缠对态,推广至高维投影纠缠对态,entity,proposition,,,current,0,0,
推广至高维混沌,推广至高维混沌,entity,proposition,,,current,0,0,
推广至高维玻色系统,推广至高维玻色系统,entity,proposition,,,current,0,0,
推广至高维费米系统,推广至高维费米系统,entity,proposition,,,current,0,0,
提出Rydberg原子阵列实现方案,提出Rydberg原子阵列实现方案,entity,proposition,,,current,0,0,
散度,Kullback–Leibler散度,entity,keyword,,,current,0,0,
数值重整化群,数值重整化群numerical renormalization group,entity,keyword,,,current,0,0,
数据重上传量子电路,数据重上传量子电路data re-uploading quantum circuit,entity,keyword,,,current,0,0,
方型自旋梯,方型自旋梯square spin ladder,entity,keyword,,,current,0,0,
方案B,方案B,entity,keyword,,,current,0,0,
无SU(2)对称性投影纠缠对态,无SU(2)对称性投影纠缠对态,entity,keyword,,,current,0,0,
无序平均后的双层张量网络,无序平均后的双层张量网络,entity,keyword,,,current,0,0,
无序编码效率的普适判据 n ≫ α²t²,无序编码效率的普适判据 n ≫ α²t²,entity,proposition,,,current,0,0,
无监督机器学习,无监督机器学习unsupervised machine learning,entity,keyword,,,current,0,0,
无监督特征识别,无监督特征识别unsupervised feature recognition,entity,keyword,,,current,0,0,
无穷投影纠缠对态,无穷投影纠缠对态infinite projected entangled-pair states(infinite PEPS),entity,keyword,,,current,0,0,
无穷矩阵乘积态,无穷矩阵乘积态infinite matrix product state(iMPS),entity,keyword,,,current,0,0,
无符号问题处理阻挫与费米子模型,无符号问题处理阻挫与费米子模型,entity,proposition,,,current,0,0,
无能隙量子自旋液体特征刻画,无能隙量子自旋液体特征刻画,entity,proposition,,,current,0,0,
无限密度矩阵重正化群,无限密度矩阵重正化群infinite density matrix renormalization group(iDMRG),entity,keyword,,,current,0,0,
无限张量纠缠态演化iTEBD,无限张量纠缠态演化iTEBD,entity,keyword,,,current,0,0,
无限投影纠缠对态,无限投影纠缠对态infinite PEPS(iPEPS),entity,keyword,,,current,0,0,
无限投影纠缠对态的簇更新,无限投影纠缠对态的簇更新cluster update,entity,keyword,,,current,0,0,
无限投影纠缠对态边界理论,无限投影纠缠对态边界理论,entity,keyword,,,current,0,0,
无限时间演化分块删截,无限时间演化分块删截infinite time-evolving block decimation(iTEBD),entity,keyword,,,current,0,0,
无限时间演化块,"无限时间演化块decimation(infinite time-evolving block decimation,iTEBD)",entity,keyword,,,current,0,0,
无限晶格,无限Husimi晶格infinite Husimi lattice,entity,keyword,,,current,0,0,
既有方法,既有state-of-the-art tensor network方法,entity,keyword,,,current,0,0,
时尚产品图像分类,时尚产品图像分类fashion-MNIST,entity,keyword,,,current,0,0,
时装图像分类,时装图像分类fashion image classification,entity,keyword,,,current,0,0,
时间演化,时间演化,entity,keyword,,,current,0,0,
时间演化算符具有自同态性质解释鲁棒性,时间演化算符具有自同态性质解释鲁棒性,entity,proposition,,,current,0,0,
时间演化算符自同态性质,时间演化算符自同态性质,entity,keyword,,,current,0,0,
时间矩阵乘积态,时间矩阵乘积态time matrix product state(tMPS),entity,keyword,,,current,0,0,
星型格子,星型格子star lattice,entity,keyword,,,current,0,0,
映射,Qubism映射Qubism mapping,entity,keyword,,,current,0,0,
普适切换点α^s = 0.5,普适切换点α^s = 0.5,entity,proposition,,,current,0,0,
普适指数标度行为,普适指数标度行为,entity,proposition,,,current,0,0,
普适类,Kosterlitz-Thouless普适类,entity,keyword,,,current,0,0,
晶体对称性保护拓扑相,晶体对称性保护拓扑相,entity,keyword,,,current,0,0,
最大编码率约减,最大编码率约减maximal coding rate reduction(MCR²),entity,keyword,,,current,0,0,
最近邻关联,最近邻关联,entity,keyword,,,current,0,0,
最近邻关联奇异性,最近邻关联奇异性,entity,keyword,,,current,0,0,
有监督机器学习分类器,有监督机器学习分类器,entity,keyword,,,current,0,0,
有限温度密度算符,有限温度密度算符,entity,keyword,,,current,0,0,
有限温演化,有限温演化finite-temperature evolution,entity,keyword,,,current,0,0,
有限温热力学响应分析,有限温热力学响应分析,entity,proposition,,,current,0,0,
朗道序参量范式,朗道序参量范式,entity,keyword,,,current,0,0,
朴素贝叶斯分类器,朴素贝叶斯分类器naive Bayes classifier,entity,keyword,,,current,0,0,
李雅普诺夫指数,李雅普诺夫指数Lyapunov exponent,entity,keyword,,,current,0,0,
条件图生成函数学习,条件图生成函数学习conditional graphon learning,entity,keyword,,,current,0,0,
构建描述中心荷劈裂为两条临界线的有效量子场论,构建描述中心荷劈裂为两条临界线的有效量子场论,entity,proposition,,,current,0,0,
构造更多可调谐相互作用以耦合多个CSW为尺寸可扩展网络,构造更多可调谐相互作用以耦合多个CSW为尺寸可扩展网络,entity,proposition,,,current,0,0,
标准保真度作为量子启发核函数,标准保真度作为量子启发核函数,entity,keyword,,,current,0,0,
标准变分ansatz,标准变分ansatz,entity,keyword,,,current,0,0,
标准变分张量网络方法在刻画二维临界基态时面临困难,标准变分张量网络方法在刻画二维临界基态时面临困难,entity,proposition,,,current,0,0,
格子模型基态,honeycomb格子XXZ模型基态,entity,keyword,,,current,0,0,
格子自旋模型,honeycomb格子自旋1/2XXZ模型,entity,keyword,,,current,0,0,
格点自旋自由度,格点自旋自由度spin state number q,entity,keyword,,,current,0,0,
梯子,Creutz梯子Creutz ladder,entity,keyword,,,current,0,0,
梯度下降,梯度下降,entity,keyword,,,current,0,0,
概率分布信息结构,概率分布信息结构,entity,keyword,,,current,0,0,
模型,Su-Schrieffer-Heeger模型Su-Schrieffer-Heeger model,entity,keyword,,,current,0,0,
模型类型从自旋扩展到玻色子与费米子晶格模型,模型类型从自旋扩展到玻色子与费米子晶格模型,entity,keyword,,,current,0,0,
横向伊辛模型,横向伊辛模型,entity,keyword,,,current,0,0,
横向伊辛模型横场伊辛模型,横向伊辛模型横场伊辛模型(transverse-field Ising model),entity,keyword,,,current,0,0,
横场下交错磁化出现再入行为,横场下交错磁化出现再入行为,entity,proposition,,,current,0,0,
横场下量子临界区对应中心荷c=1/2的共形场论普适类,横场下量子临界区对应中心荷c=1/2的共形场论普适类,entity,proposition,,,current,0,0,
横场基态相图中Z2对称性破缺相的识别,横场基态相图中Z2对称性破缺相的识别,entity,proposition,,,current,0,0,
次近邻项约为近邻项一个数量级,次近邻项约为近邻项一个数量级,entity,proposition,,,current,0,0,
正交函数基,正交函数基orthogonal function basis,entity,keyword,,,current,0,0,
残差神经网络,残差神经网络,entity,keyword,,,current,0,0,
比热specific heat,比热specific heat,entity,keyword,,,current,0,0,
比热磁化率关联长度与准纠缠熵,比热磁化率关联长度与准纠缠熵,entity,keyword,,,current,0,0,
比热磁化率关联长度与准纠缠熵的计算,比热磁化率关联长度与准纠缠熵的计算,entity,keyword,,,current,0,0,
比热线性行为linear specific heat,比热线性行为linear specific heat,entity,proposition,,,current,0,0,
氢原子基态,氢原子基态,entity,keyword,,,current,0,0,
沿链外加磁场选取使纠缠熵极大值方向,沿链外加磁场选取使纠缠熵极大值方向,entity,keyword,,,current,0,0,
沿链线性变化的zz相互作用诱导量子混沌与遍历性,沿链线性变化的zz相互作用诱导量子混沌与遍历性,entity,proposition,,,current,0,0,
沿链线性变化的zz相互作用驱动量子混沌与遍历性,沿链线性变化的zz相互作用驱动量子混沌与遍历性,entity,proposition,,,current,0,0,
泛化能力,泛化能力,entity,keyword,,,current,0,0,
波函数,PauliNet波函数ansatz,entity,keyword,,,current,0,0,
波函数系数,波函数系数,entity,keyword,,,current,0,0,
浅层张量分解,浅层张量分解,entity,keyword,,,current,0,0,
测量引起纠缠熵变化,测量引起纠缠熵变化measurement-induced entanglement entropy variation,entity,keyword,,,current,0,0,
浮游相,浮游相floating phase,entity,keyword,,,current,0,0,
浮游相不具有任何局域序参量,浮游相不具有任何局域序参量,entity,proposition,,,current,0,0,
浴关联误差源于有限浴维度截断长程关联,浴关联误差源于有限浴维度截断长程关联,entity,proposition,,,current,0,0,
浴格点,浴格点,entity,keyword,,,current,0,0,
海森堡反铁磁模型,海森堡反铁磁模型Heisenberg antiferromagnet,entity,keyword,,,current,0,0,
海森堡模型,海森堡模型Heisenberg model,entity,keyword,,,current,0,0,
海森堡链,海森堡链Heisenberg chain,entity,keyword,,,current,0,0,
液体,Tomonaga-Luttinger液体,entity,keyword,,,current,0,0,
深层张量网络,深层张量网络,entity,keyword,,,current,0,0,
深层张量网络中的张量,深层张量网络中的张量,entity,keyword,,,current,0,0,
深度信念网络,深度信念网络deep belief network,entity,keyword,,,current,0,0,
深度卷积网络,深度卷积网络deep convolutional network,entity,keyword,,,current,0,0,
深度神经网络自编码器,深度神经网络自编码器deep neural network autoencoder,entity,keyword,,,current,0,0,
混沌非线性系统,混沌非线性系统chaotic nonlinear dynamics,entity,keyword,,,current,0,0,
温度关联误差源于温度无关假设在渡越点附近显著,温度关联误差源于温度无关假设在渡越点附近显著,entity,proposition,,,current,0,0,
激光辅助隧穿,激光辅助隧穿laser-assisted tunneling,entity,keyword,,,current,0,0,
热力学相变,热力学相变,entity,keyword,,,current,0,0,
热力学量,热力学量,entity,keyword,,,current,0,0,
物理-浴相互作用物理-浴相互作用(physical-bath interaction),物理-浴相互作用物理-浴相互作用(physical-bath interaction),entity,proposition,,,current,0,0,
特征映射feature map,特征映射feature map,entity,keyword,,,current,0,0,
环路特征,环路特征loop characterization,entity,keyword,,,current,0,0,
现象,Hilbert space shattering现象,entity,keyword,,,current,0,0,
玻色化bosonization,玻色化bosonization,entity,keyword,,,current,0,0,
生成式张量网络,生成式张量网络generative tensor network,entity,keyword,,,current,0,0,
用PauliNet恢复97%–99.9%相关能且行列式数少一到两个数量级,用PauliNet恢复97%–99.9%相关能且行列式数少一到两个数量级,entity,proposition,,,current,0,0,
用SchNet表示电子环境,用SchNet表示电子环境,entity,keyword,,,current,0,0,
用Sobol指数探测磁场敏感性,用Sobol指数探测磁场敏感性,entity,proposition,,,current,0,0,
用µ调谐的量子特征映射预处理,用µ调谐的量子特征映射预处理,entity,proposition,,,current,0,0,
用一维共形场论中心荷刻画二维临界性,用一维共形场论中心荷刻画二维临界性,entity,proposition,,,current,0,0,
用卷积层替换权重矩阵以进一步提升精度,用卷积层替换权重矩阵以进一步提升精度,entity,proposition,,,current,0,0,
用少体哈密顿量复现热力学极限体物理量,用少体哈密顿量复现热力学极限体物理量,entity,proposition,,,current,0,0,
用张量网络表示连续空间多体波函数展开系数,用张量网络表示连续空间多体波函数展开系数,entity,proposition,,,current,0,0,
用矩阵乘积解纠缠器把目标矩阵乘积态解纠缠为乘积态,用矩阵乘积解纠缠器把目标矩阵乘积态解纠缠为乘积态,entity,proposition,,,current,0,0,
用耦合不完整哈密顿量演化制备目标态,用耦合不完整哈密顿量演化制备目标态,entity,proposition,,,current,0,0,
由粗到细逐步放宽磁场时变频率上限,由粗到细逐步放宽磁场时变频率上限,entity,proposition,,,current,0,0,
电子–电子cusp条件,电子–电子cusp条件,entity,keyword,,,current,0,0,
电子薛定谔方程,电子薛定谔方程,entity,keyword,,,current,0,0,
电子薛定谔方程求解,电子薛定谔方程求解,entity,keyword,,,current,0,0,
电路深度,电路深度,entity,keyword,,,current,0,0,
白鞋识别问题,白鞋识别问题white shoe recognition problem,entity,keyword,,,current,0,0,
直接优化矩阵乘积解纠缠器以最优解纠缠目标矩阵乘积态,直接优化矩阵乘积解纠缠器以最优解纠缠目标矩阵乘积态,entity,proposition,,,current,0,0,
直接态向量方法表示Schmidt分解,直接态向量方法表示Schmidt分解,entity,keyword,,,current,0,0,
相互作用,Hubbard相互作用Hubbard interaction,entity,keyword,,,current,0,0,
相变温度,相变温度,entity,keyword,,,current,0,0,
相变温度的标定与相图的绘制,相变温度的标定与β–T相图的绘制,entity,keyword,,,current,0,0,
矩阵乘积态方法矩阵乘积态方法,矩阵乘积态方法矩阵乘积态方法(MPS method),entity,keyword,,,current,0,0,
矩阵乘积态流形最小距离,矩阵乘积态流形最小距离,entity,keyword,,,current,0,0,
矩阵乘积态直接演化,矩阵乘积态直接演化,entity,keyword,,,current,0,0,
矩阵乘积算符转移矩阵,矩阵乘积算符转移矩阵matrix product operator transfer matrix,entity,keyword,,,current,0,0,
研究不同填充下的Creutz-Hubbard模型寻找相互作用诱导拓扑相,研究不同填充下的Creutz-Hubbard模型寻找相互作用诱导拓扑相,entity,proposition,,,current,0,0,
研究聚焦于一维干净自旋链,研究聚焦于一维干净自旋链,entity,proposition,,,current,0,0,
研究聚焦于一维自旋链干净系统,研究聚焦于一维自旋链干净系统,entity,proposition,,,current,0,0,
砖墙结构深层张量网络,砖墙结构深层张量网络,entity,keyword,,,current,0,0,
确定价键固体相与量子自旋液体之间的量子相变,确定价键固体相与量子自旋液体之间的量子相变,entity,proposition,,,current,0,0,
磁化尖点,磁化尖点,entity,proposition,,,current,0,0,
磁化平台,1/3磁化平台1/3 magnetization plateau,entity,keyword,,,current,0,0,
磁化平台内的两种价键图案相变,1/9磁化平台内的两种价键图案相变,entity,keyword,,,current,0,0,
磁化率,磁化率magnetic susceptibility,entity,keyword,,,current,0,0,
磁化磁化,磁化磁化(magnetization),entity,keyword,,,current,0,0,
磁场诱导零温下拓扑相再入,磁场诱导零温下拓扑相再入,entity,proposition,,,current,0,0,
神经网络,神经网络neural network,entity,keyword,,,current,0,0,
神经网络压缩,神经网络压缩,entity,keyword,,,current,0,0,
神经网络压缩方案,神经网络压缩方案,entity,keyword,,,current,0,0,
神经网络层变分参数,神经网络层变分参数,entity,keyword,,,current,0,0,
秩分解,秩1分解rank-1 decomposition,entity,keyword,,,current,0,0,
空间模式,空间模式,entity,keyword,,,current,0,0,
立方晶格,立方晶格cubic lattice,entity,keyword,,,current,0,0,
笼目晶格,笼目晶格kagome lattice,entity,keyword,,,current,0,0,
简单更新方案,简单更新方案simple update scheme,entity,keyword,,,current,0,0,
简单立方格子简单立方格子,简单立方格子简单立方格子(simple cubic lattice),entity,keyword,,,current,0,0,
精确对角化,精确对角化exact diagonalization,entity,keyword,,,current,0,0,
精确对角化分析ETH矩阵元,精确对角化分析ETH矩阵元,entity,keyword,,,current,0,0,
精确对角化分析ETH矩阵元统计性质,精确对角化分析ETH矩阵元统计性质,entity,keyword,,,current,0,0,
精确对角化分析纠缠熵与存活概率,精确对角化分析纠缠熵与存活概率,entity,keyword,,,current,0,0,
精确对角化分析能级统计,精确对角化分析能级统计,entity,keyword,,,current,0,0,
精确对角化精确对角化,精确对角化精确对角化(exact diagonalization),entity,keyword,,,current,0,0,
精确解,精确解,entity,keyword,,,current,0,0,
纠缠entanglement,纠缠entanglement,entity,keyword,,,current,0,0,
纠缠浴,纠缠浴,entity,keyword,,,current,0,0,
纠缠浴纠缠浴,纠缠浴纠缠浴(entanglement bath),entity,keyword,,,current,0,0,
纠缠熵,纠缠熵,entity,keyword,,,current,0,0,
纠缠熵奇异性,纠缠熵奇异性,entity,keyword,,,current,0,0,
纠缠熵对数增长与存活概率长时间保持显著指示非遍历性,纠缠熵对数增长与存活概率长时间保持显著指示非遍历性,entity,keyword,,,current,0,0,
纠缠熵对数增长诊断非遍历性,纠缠熵对数增长诊断非遍历性,entity,keyword,,,current,0,0,
纠缠熵弹性格性化扩展与存活概率快速衰减指示遍历性,纠缠熵弹性格性化扩展与存活概率快速衰减指示遍历性,entity,keyword,,,current,0,0,
纠缠熵弹性格性化扩展诊断遍历性,纠缠熵弹性格性化扩展诊断遍历性,entity,keyword,,,current,0,0,
纠缠熵标定中心荷,纠缠熵标定中心荷,entity,keyword,,,current,0,0,
纠缠熵纠缠熵,纠缠熵纠缠熵(entanglement entropy),entity,keyword,,,current,0,0,
纠缠熵面积律,纠缠熵面积律area law of entanglement entropy,entity,keyword,,,current,0,0,
纠缠谱,纠缠谱,entity,keyword,,,current,0,0,
纠缠谱entanglement spectrum,纠缠谱entanglement spectrum,entity,keyword,,,current,0,0,
纠缠谱随键维演化判据,纠缠谱随键维演化判据,entity,keyword,,,current,0,0,
纠缠驱动的特征提取,纠缠驱动的特征提取,entity,keyword,,,current,0,0,
纵场α-hz平面基态相图包含单态二聚体相、Haldane相、TLL相、m=1/2磁化平台相与自旋极化相,纵场α-hz平面基态相图包含单态二聚体相、Haldane相、TLL相、m=1/2磁化平台相与自旋极化相,entity,proposition,,,current,0,0,
纵场下量子临界区对应中心荷c=1的共形场论普适类,纵场下量子临界区对应中心荷c=1的共形场论普适类,entity,proposition,,,current,0,0,
纵场与横场下的塞曼项,纵场与横场下的塞曼项,entity,keyword,,,current,0,0,
线性梯度由参数theta控制,线性梯度由参数theta控制,entity,keyword,,,current,0,0,
线性简化版,线性简化版ResMPS(sResMPS),entity,keyword,,,current,0,0,
细粒度时间优化算法,细粒度时间优化算法,entity,keyword,,,current,0,0,
经典再入现象,经典再入现象,entity,keyword,,,current,0,0,
结合Metropolis采样与含能量项的深度神经网络损失,结合Metropolis采样与含能量项的深度神经网络损失,entity,proposition,,,current,0,0,
结合机器学习估计局部可观测量与约化密度矩阵以处理未知相互作用,结合机器学习估计局部可观测量与约化密度矩阵以处理未知相互作用,entity,proposition,,,current,0,0,
结合费米张量网络处理电子体系,结合费米张量网络处理电子体系,entity,proposition,,,current,0,0,
结构误差因以贝特晶格近似代替原晶格环境在临界点附近最大,结构误差因以贝特晶格近似代替原晶格环境在临界点附近最大,entity,proposition,,,current,0,0,
给出少体哈密顿量实验可实现形式,给出少体哈密顿量实验可实现形式,entity,proposition,,,current,0,0,
给出避免ResMPS梯度消失与爆炸的条件,给出避免ResMPS梯度消失与爆炸的条件,entity,proposition,,,current,0,0,
能级统计,能级统计level statistics,entity,keyword,,,current,0,0,
自动可微张量网络收缩与神经网络推理为两个独立步骤,自动可微张量网络收缩与神经网络推理为两个独立步骤,entity,proposition,,,current,0,0,
自动可微张量网络自动可微张量网络,自动可微张量网络自动可微张量网络,entity,keyword,,,current,0,0,
自动微分,自动微分,entity,keyword,,,current,0,0,
自旋-1 锯齿链,自旋-1 锯齿链,entity,keyword,,,current,0,0,
自旋-1键交错海森堡反铁磁链,自旋-1键交错海森堡反铁磁链,entity,keyword,,,current,0,0,
自旋1 XXZ链,自旋1 XXZ链,entity,keyword,,,current,0,0,
自旋1/2 XXZ链,自旋1/2 XXZ链,entity,keyword,,,current,0,0,
自旋—自旋关联spin-spin correlation,自旋—自旋关联spin-spin correlation,entity,proposition,,,current,0,0,
自旋关联图样继承Sierpi旋转对称性,自旋关联图样继承Sierpiński gasket旋转对称性,entity,proposition,,,current,0,0,
自旋构型,up-up-down自旋构型up-up-down spin configuration,entity,keyword,,,current,0,0,
自旋梯spin ladder,自旋梯spin ladder,entity,keyword,,,current,0,0,
自旋液体,自旋液体,entity,keyword,,,current,0,0,
自旋自由度映射到原子的两个亚稳态,自旋自由度映射到原子的两个亚稳态,entity,keyword,,,current,0,0,
自旋链,自旋-1/2 XXZ链spin-1/2 XXZ chain,entity,keyword,,,current,0,0,
自旋锯齿链反铁磁海森堡模型相图,自旋-1锯齿链反铁磁海森堡模型相图,entity,keyword,,,current,0,0,
范式,Landau-Ginzburg范式,entity,keyword,,,current,0,0,
蒙特卡洛与神经网络方法面临指数墙,蒙特卡洛与神经网络方法面临指数墙,entity,proposition,,,current,0,0,
蒙特卡洛采样,蒙特卡洛采样,entity,keyword,,,current,0,0,
薛定谔方程,薛定谔方程,entity,keyword,,,current,0,0,
虚时方向线性收缩,虚时方向线性收缩,entity,proposition,,,current,0,0,
虚时演化,虚时演化imaginary time evolution,entity,keyword,,,current,0,0,
蜂巢晶格上海森堡反铁磁体,蜂巢晶格上海森堡反铁磁体,entity,keyword,,,current,0,0,
蜂窝晶格,蜂窝晶格honeycomb lattice,entity,keyword,,,current,0,0,
蜂窝格子蜂窝格子,蜂窝格子蜂窝格子(honeycomb lattice),entity,keyword,,,current,0,0,
蜂窝格自旋海森堡反铁磁体,蜂窝格自旋-1/2海森堡反铁磁体,entity,keyword,,,current,0,0,
蜂窝状六角格子自旋海森堡反铁磁模型,蜂窝状六角格子自旋1/2海森堡反铁磁模型,entity,keyword,,,current,0,0,
表征能力,表征能力,entity,keyword,,,current,0,0,
表征能力上限由输入键维度决定,表征能力上限由输入键维度决定,entity,proposition,,,current,0,0,
解码过程为推理带来额外计算开销,解码过程为推理带来额外计算开销,entity,proposition,,,current,0,0,
解释半饱和磁化平台归因于稀释二聚体态,解释半饱和磁化平台归因于稀释二聚体态,entity,proposition,,,current,0,0,
计算开销渐近按N^4标度,计算开销渐近按N^4标度,entity,proposition,,,current,0,0,
让体内浴相互作用随温度变化以提高精度,让体内浴相互作用随温度变化以提高精度,entity,proposition,,,current,0,0,
训练样本受限时对训练范围之外参数区间的推广能力,训练样本受限时对训练范围之外参数区间的推广能力,entity,proposition,,,current,0,0,
训练过程中保持张量酉性,训练过程中保持张量酉性,entity,proposition,,,current,0,0,
设计具有更复杂更普适调控能力的模型,设计具有更复杂更普适调控能力的模型,entity,proposition,,,current,0,0,
证实该价键晶体具有√3×√3空间对称性,证实该价键晶体具有√3×√3空间对称性,entity,proposition,,,current,0,0,
证明χ=2与D=1流形等价,证明χ=2与D=1流形等价,entity,proposition,,,current,0,0,
证明三体耦合破坏连续空间c=1自由玻色CFT描述,证明三体耦合破坏连续空间c=1自由玻色CFT描述,entity,proposition,,,current,0,0,
识别出无隙费米型代数量子自旋液体,识别出无隙费米型代数量子自旋液体,entity,proposition,,,current,0,0,
识别分界点处纠缠熵与关联长度的临界标度律,识别分界点处纠缠熵与关联长度的临界标度律,entity,proposition,,,current,0,0,
谱形因子,谱形因子spectral form factor,entity,keyword,,,current,0,0,
谱聚类,谱聚类spectral clustering,entity,keyword,,,current,0,0,
贝特晶格,贝特晶格Bethe lattice,entity,keyword,,,current,0,0,
贝特近似贝特近似,贝特近似贝特近似(Bethe approximation),entity,keyword,,,current,0,0,
负对数保真度作为损失函数,负对数保真度作为损失函数,entity,keyword,,,current,0,0,
费米型代数量子自旋液体fermionic algebraic quantum spin liquid,费米型代数量子自旋液体fermionic algebraic quantum spin liquid,entity,proposition,,,current,0,0,
费米子系统需要与密度矩阵嵌入理论结合修正,费米子系统需要与密度矩阵嵌入理论结合修正,entity,proposition,,,current,0,0,
超冷原子实验平台,超冷原子实验平台,entity,keyword,,,current,0,0,
超指数关联长度关系,超指数关联长度关系,entity,proposition,,,current,0,0,
超正交化,超正交化super-orthogonalization,entity,keyword,,,current,0,0,
超胞,超胞,entity,keyword,,,current,0,0,
跃迁由偶极相互作用或波导介导的光子交换提供,跃迁由偶极相互作用或波导介导的光子交换提供,entity,keyword,,,current,0,0,
距离,Gromov-Wasserstein距离Gromov-Wasserstein distance(GWD),entity,keyword,,,current,0,0,
转移矩阵,转移矩阵,entity,keyword,,,current,0,0,
转移矩阵张量网络,转移矩阵张量网络,entity,keyword,,,current,0,0,
边界张量边界张量,边界张量边界张量(boundary tensor),entity,keyword,,,current,0,0,
边界态,边界态,entity,keyword,,,current,0,0,
边界态纠缠谱,边界态纠缠谱,entity,keyword,,,current,0,0,
边界淬火点boundary quench point(BQP),边界淬火点boundary quench point(BQP),entity,proposition,,,current,0,0,
边界矩阵乘积态,边界矩阵乘积态fine-tuning,entity,keyword,,,current,0,0,
边界诱导热力学模拟,边界诱导热力学模拟,entity,keyword,,,current,0,0,
过度正交化现象,过度正交化现象,entity,proposition,,,current,0,0,
运行时间受每节点对模拟时间制约,运行时间受每节点对模拟时间制约,entity,proposition,,,current,0,0,
近邻,K近邻K-nearest neighbor(KNN),entity,keyword,,,current,0,0,
进一步研究贫瘠高原问题,进一步研究贫瘠高原问题,entity,proposition,,,current,0,0,
连续矩阵乘积算符,连续矩阵乘积算符continuous matrix product operator(cMPO),entity,keyword,,,current,0,0,
连续空间,连续空间continuous space,entity,keyword,,,current,0,0,
追踪纠缠熵与存活概率的演化,追踪纠缠熵与存活概率的演化,entity,keyword,,,current,0,0,
适用温度从零温扩展到有限温度,适用温度从零温扩展到有限温度,entity,keyword,,,current,0,0,
适用维度从一维扩展到二维与三维,适用维度从一维扩展到二维与三维,entity,keyword,,,current,0,0,
通用学习范式,通用学习范式universal learning,entity,keyword,,,current,0,0,
通过(1+1)维共形场论对tMPS临界标度律作进一步研究,通过(1+1)维共形场论对tMPS临界标度律作进一步研究,entity,proposition,,,current,0,0,
通过两网络内积计算loss并反向传播更新张量,通过两网络内积计算loss并反向传播更新张量,entity,proposition,,,current,0,0,
通过优化架构与超参数进一步提升GTNC准确率,通过优化架构与超参数进一步提升GTNC准确率,entity,proposition,,,current,0,0,
通过偶极相互作用或波导介导光子交换实现跃迁,通过偶极相互作用或波导介导光子交换实现跃迁,entity,proposition,,,current,0,0,
通过分解潜门得到幺正门构造电路,通过分解潜门得到幺正门构造电路,entity,proposition,,,current,0,0,
通过参数theta控制线性梯度,通过参数theta控制线性梯度,entity,keyword,,,current,0,0,
通过合成规范场与合成维度实现高自旋浴,通过合成规范场与合成维度实现高自旋浴,entity,proposition,,,current,0,0,
通过标度律估计中心荷以识别连续空间CFT,通过标度律估计中心荷以识别连续空间CFT,entity,proposition,,,current,0,0,
通过精确对角化分析ETH矩阵元,通过精确对角化分析ETH矩阵元,entity,keyword,,,current,0,0,
通过精确对角化分析ETH矩阵元统计性质,通过精确对角化分析ETH矩阵元统计性质,entity,keyword,,,current,0,0,
通过精确对角化分析纠缠熵与存活概率,通过精确对角化分析纠缠熵与存活概率,entity,keyword,,,current,0,0,
通过精确对角化分析能级统计,通过精确对角化分析能级统计,entity,keyword,,,current,0,0,
通过纠缠熵变化无监督识别信息性像素,通过纠缠熵变化无监督识别信息性像素,entity,proposition,,,current,0,0,
通过纠缠熵变化符号揭示特征间纠缠结构,通过纠缠熵变化符号揭示特征间纠缠结构,entity,proposition,,,current,0,0,
通过线性梯度参数theta调控遍历性,通过线性梯度参数theta调控遍历性,entity,proposition,,,current,0,0,
通过线性梯度参数调控遍历性破缺,通过线性梯度参数调控遍历性破缺,entity,proposition,,,current,0,0,
通过调节交换各向异性研究相变,通过调节交换各向异性研究相变,entity,keyword,,,current,0,0,
通过边界态纠缠谱行为表征二维量子态临界性,通过边界态纠缠谱行为表征二维量子态临界性,entity,proposition,,,current,0,0,
通过非线性降维将基态从希尔伯特空间映射至二维特征空间以可视化量子相与相变点,通过非线性降维将基态从希尔伯特空间映射至二维特征空间以可视化量子相与相变点,entity,proposition,,,current,0,0,
部分张量网络态方法,部分张量网络态方法,entity,keyword,,,current,0,0,
部分有序相,部分有序相partially ordered phase,entity,keyword,,,current,0,0,
酉张量网络,酉张量网络unitary tensor network,entity,keyword,,,current,0,0,
酉张量网络训练算法,酉张量网络训练算法,entity,keyword,,,current,0,0,
配分函数,配分函数partition function,entity,keyword,,,current,0,0,
采样策略依据,采样策略依据,entity,keyword,,,current,0,0,
采样量子势神经网络,Metropolis采样量子势神经网络,entity,keyword,,,current,0,0,
采用无Trotter误差的级数展开算法,采用无Trotter误差的级数展开算法,entity,proposition,,,current,0,0,
采用非砖墙结构与替换激活函数,采用非砖墙结构与替换激活函数,entity,proposition,,,current,0,0,
量子graphon神经表示quantum graphon neural representation(QGNR),量子graphon神经表示quantum graphon neural representation(QGNR),entity,proposition,,,current,0,0,
量子临界点定位,量子临界点定位,entity,keyword,,,current,0,0,
量子伊辛模型,量子伊辛模型,entity,keyword,,,current,0,0,
量子关联,量子关联,entity,keyword,,,current,0,0,
量子变分指令集,量子变分指令集quantum variational instruction set(QuVIS),entity,keyword,,,current,0,0,
量子启发核函数,量子启发核函数,entity,keyword,,,current,0,0,
量子器件设计中利用少体系统调控多体性质,量子器件设计中利用少体系统调控多体性质,entity,proposition,,,current,0,0,
量子平台上实现TN模型或多比特量子态尚不可行,量子平台上实现TN模型或多比特量子态尚不可行,entity,proposition,,,current,0,0,
量子并行方法,量子并行方法,entity,keyword,,,current,0,0,
量子并行方法在连续无序分布下需要无穷维辅助空间,量子并行方法在连续无序分布下需要无穷维辅助空间,entity,proposition,,,current,0,0,
量子态制备,量子态制备,entity,keyword,,,current,0,0,
量子态映射,量子态映射,entity,keyword,,,current,0,0,
量子最优控制,量子最优控制,entity,keyword,,,current,0,0,
量子最小指令集,量子最小指令集quantum minimal instruction set(QuMIS),entity,keyword,,,current,0,0,
量子机器学习,量子机器学习,entity,keyword,,,current,0,0,
量子杂质物理语言刻画拓扑相变quantum impurity physics description of topological transitions,量子杂质物理语言刻画拓扑相变quantum impurity physics description of topological transitions,entity,proposition,,,current,0,0,
量子概率解释,量子概率解释,entity,keyword,,,current,0,0,
量子涨落,量子涨落,entity,keyword,,,current,0,0,
量子淬火,量子淬火,entity,keyword,,,current,0,0,
量子混沌,量子混沌quantum chaos,entity,keyword,,,current,0,0,
量子点,量子点,entity,keyword,,,current,0,0,
量子特征映射,量子特征映射quantum feature map,entity,keyword,,,current,0,0,
量子电路,量子电路,entity,keyword,,,current,0,0,
量子相变识别,量子相变识别,entity,keyword,,,current,0,0,
量子相变量子相变,量子相变量子相变(quantum phase transition),entity,keyword,,,current,0,0,
量子相识别,量子相识别,entity,keyword,,,current,0,0,
量子纠缠,量子纠缠quantum entanglement,entity,keyword,,,current,0,0,
量子线路,量子线路state preparation,entity,keyword,,,current,0,0,
量子自旋模型,量子自旋模型quantum spin model,entity,keyword,,,current,0,0,
量子自旋模型量子自旋模型,量子自旋模型量子自旋模型(quantum spin model),entity,keyword,,,current,0,0,
量子自旋液体,量子自旋液体quantum spin liquid,entity,keyword,,,current,0,0,
量子自旋链,量子自旋链,entity,keyword,,,current,0,0,
量子自旋链最优磁场控制,量子自旋链最优磁场控制,entity,keyword,,,current,0,0,
量子蒙特卡洛,量子蒙特卡洛quantum Monte Carlo,entity,keyword,,,current,0,0,
量子蒙特卡洛方法,量子蒙特卡洛方法,entity,keyword,,,current,0,0,
钴离子,钴离子,entity,keyword,,,current,0,0,
键上三重态,键上三重态,entity,keyword,,,current,0,0,
键上三重态涌现的自旋-1自由度,键上三重态涌现的自旋-1自由度,entity,proposition,,,current,0,0,
键心反演对称性,键心反演对称性,entity,keyword,,,current,0,0,
键空间最优低维近似,键空间最优低维近似,entity,keyword,,,current,0,0,
阈值选择对方案性能至关重要,阈值选择对方案性能至关重要,entity,proposition,,,current,0,0,
阐明转移矩阵主特征值近简并如何发展并控制Thouless时间,阐明转移矩阵主特征值近简并如何发展并控制Thouless时间,entity,proposition,,,current,0,0,
阻挫frustration,阻挫frustration,entity,keyword,,,current,0,0,
降维后特征的物理含义不可解读,降维后特征的物理含义不可解读,entity,proposition,,,current,0,0,
随机矩阵乘积态,随机矩阵乘积态,entity,keyword,,,current,0,0,
随机纯态,随机纯态,entity,keyword,,,current,0,0,
随机纯态扰动,随机纯态扰动,entity,keyword,,,current,0,0,
随机纯态扰动鲁棒性检验,随机纯态扰动鲁棒性检验,entity,keyword,,,current,0,0,
随机量子线路,随机量子线路,entity,keyword,,,current,0,0,
随机量子线路与对偶幺正模型无法推广到自对偶性缺失的一般时间无关哈密顿量,随机量子线路与对偶幺正模型无法推广到自对偶性缺失的一般时间无关哈密顿量,entity,proposition,,,current,0,0,
零温再入,零温再入,entity,keyword,,,current,0,0,
零温无限张量网络,零温无限张量网络,entity,keyword,,,current,0,0,
需在更多数据集上进一步验证,需在更多数据集上进一步验证,entity,proposition,,,current,0,0,
需要已知自旋间相互作用形式,需要已知自旋间相互作用形式,entity,proposition,,,current,0,0,
非对角ETH矩阵元呈高斯分布,非对角ETH矩阵元呈高斯分布,entity,keyword,,,current,0,0,
非对角ETH矩阵元呈高斯分布与光滑方差函数诊断遍历性,非对角ETH矩阵元呈高斯分布与光滑方差函数诊断遍历性,entity,keyword,,,current,0,0,
非对角ETH矩阵元方差不再随能量光滑变化诊断非遍历性,非对角ETH矩阵元方差不再随能量光滑变化诊断非遍历性,entity,keyword,,,current,0,0,
"非对角ETH矩阵元方差为频率omega的光滑函数|f_O(E_bar,omega)|^2","非对角ETH矩阵元方差为频率omega的光滑函数|f_O(E_bar,omega)|^2",entity,proposition,,,current,0,0,
非对角ETH矩阵元方差在非遍历区偏离光滑函数行为,非对角ETH矩阵元方差在非遍历区偏离光滑函数行为,entity,proposition,,,current,0,0,
非对角ETH矩阵元高斯分布与光滑方差函数诊断遍历性,非对角ETH矩阵元高斯分布与光滑方差函数诊断遍历性,entity,keyword,,,current,0,0,
非常规磁化平台相,非常规磁化平台相,entity,keyword,,,current,0,0,
非平衡Creutz梯子推广到AIII对称类nonequilibrium Creutz ladder generalization to AIII symmetry class,非平衡Creutz梯子推广到AIII对称类nonequilibrium Creutz ladder generalization to AIII symmetry class,entity,proposition,,,current,0,0,
非磁能隙,非磁能隙,entity,proposition,,,current,0,0,
非遍历区纠缠熵呈对数增长并存留显著存活概率,非遍历区纠缠熵呈对数增长并存留显著存活概率,entity,proposition,,,current,0,0,
靠近相边界处标度行为因裁剪误差和有限尺寸效应变得不明显,靠近相边界处标度行为因裁剪误差和有限尺寸效应变得不明显,entity,proposition,,,current,0,0,
面向药物发现、蛋白质设计、生物分子工程等真实场景扩展,面向药物发现、蛋白质设计、生物分子工程等真实场景扩展,entity,proposition,,,current,0,0,
顺磁相,顺磁相paramagnetic phase,entity,keyword,,,current,0,0,
首次在干净一维XXZ链中通过线性梯度调控ETH,首次在干净一维XXZ链中通过线性梯度调控ETH,entity,proposition,,,current,0,0,
首次提出Rydberg原子阵列实现方案,首次提出Rydberg原子阵列实现方案,entity,proposition,,,current,0,0,
高效马尔可夫链采样方法,高效马尔可夫链采样方法,entity,keyword,,,current,0,0,
